1197.1,714.8,243.6,447.75,251.95,66.05,1087.45,60.8,335.8,1144.65
1189.9,711.75,244.9,455.25,254.4,66.15,1100.6,60.75,341.3,1162.9
1185.5,695.6,242.9,453.1,251.1,65.75,1100.15,59.9,345.55,1163.15
1186.2,698.95,245.35,458.05,257.25,67.5,1127.55,60.65,353.95,1210.2
1193.65,716.85,245.9,455.2,258.15,67.2,1144.05,60.65,356.5,1246.75
1195.2,709.25,247.05,452.75,258.7,68.35,1159.25,61.9,354.7,1256.2
1214.35,712.65,248.3,447.35,260.2,69.9,1160.7,61.85,362.5,1264.6
1234,728.4,252.15,453.6,264.7,72.55,1233.8,62.95,369.4,1317.85
1235,727.95,251.25,455.2,268.35,72.35,1219.9,63.05,367.75,1325.5
1232.5,727.75,250.9,472.8,268.05,72.55,1215.65,63.25,366.35,1318.05
1247.65,731.2,255.75,477.25,269.3,74.7,1217.5,63.9,376.45,1328.75
1238.5,726,256,487.2,268.4,75.55,1214.1,64.6,382.7,1323.8
1242.6,731.1,258.35,488.5,268.45,76.8,1227.8,64.85,381.45,1345.95
1236.3,728.2,258.4,483.8,269.7,77.1,1220.35,64.75,377.9,1347.5
1236.35,723.05,251.05,450.75,263.45,78.05,1220.25,63.1,368.65,1358.7
1244.65,732.75,254.15,445,257.55,78,1231.25,63.35,389.45,1382.95
1267.55,743.35,254.9,451.25,257.15,78.55,1251.55,63.65,391.75,1358.9
1290.6,795.2,259.2,463.55,259.95,78.8,1265.4,65.6,390.05,1406.8
1291.9,785.05,266.45,472.85,272,78.6,1253.35,62.5,398.1,1398.75
1284.95,775.6,263.95,471.9,270.8,77.45,1239.7,61.8,390.85,1389
1286.65,774.15,260.35,466,268.95,76.05,1252.05,59.95,382.15,1396
1305.7,777.05,270.7,475.65,281,79.35,1307.75,60.85,400.95,1413.1
1298.7,770.4,273.3,482.55,285.8,83.9,1284,60.3,394.45,1387
1311.05,765.3,277.55,490.7,281.55,84.55,1303.2,61.65,390.15,1397.8
1314.1,766.7,277.05,498.3,290.3,84,1317.05,62.35,392.2,1398.45
1307.15,773.35,277.9,493.4,288.1,83.05,1324.25,63.05,392.85,1396.8
1305.65,767.6,277.2,487.6,285.8,83.4,1319.25,63,393.4,1410.25
1297.65,769.65,275.85,485.25,285,83.9,1304,62.45,394.4,1408.2
1303.6,778.9,276.35,488.9,281.6,84.45,1322.5,62.75,389.5,1412.85
1310.2,793.15,271.65,490.3,281.65,83.95,1339.65,63.35,392.85,1452.85
1311.1,790.3,270.2,486.9,284.65,83.15,1330.4,62.35,403.75,1457.15
1322.2,784.3,268.95,488.2,280.75,81.05,1316.45,61.75,395.55,1430.95
1327.9,792.5,270.5,493.15,278.8,82.6,1319.5,61.85,413.1,1436.95
1377.05,796.5,269.35,489.1,283,83.4,1338.05,62.9,418.45,1440.9
1409.1,797.05,269.65,481.05,282.35,85.95,1336.45,63.4,425.25,1429.25
1415.55,797.9,270.7,504.35,284.8,86.1,1331.2,63,426.55,1449.75
1399.15,795.85,272.3,525.3,286.15,84.3,1326.55,63.1,427.2,1446.95
1394.3,810.95,270.45,528.15,284.5,84.1,1340.75,62.75,456.9,1446.75
1393.6,800.5,268.25,508.95,278.85,83.3,1319.3,62.1,467.8,1421.9
1390.1,802.1,269.2,506.65,276.35,87.35,1312.6,62.5,476.7,1452.7
1391.65,824.15,271.75,513.4,279.1,88.05,1326.2,62.15,479.15,1454.65
1380.1,816.15,267.3,506.3,278.65,84.85,1306.45,60.15,462.5,1424.7
1377,809.5,265.05,512.9,275.95,85.3,1299.2,60.3,455.55,1433.75
1380.75,818.95,269.85,518.65,276.75,85.35,1319.7,60.9,472.25,1461.5
1386.2,817,267.8,511.8,276,84.65,1330.75,60.65,474.3,1448.2
1392.2,824.9,269.9,510.15,274.4,84.3,1327.35,60.25,479.1,1474.45
1394.2,825.45,273.25,516.4,273.5,85.6,1326.3,60.1,471.8,1465.25
1400.1,828.9,272.05,515.9,270.55,85,1335.75,59.85,470.05,1481.35
1410.7,836.15,274.65,510.9,287.25,86.35,1354.2,60.8,476.75,1531.75
1416.6,844.15,277.35,511.7,285.15,86.4,1348.35,61.45,476.85,1529.05
1417.35,851.4,279.3,513.65,284.5,88.45,1376.55,61.75,479.15,1527.95
1425.85,848.25,274.15,517.15,280.6,87.3,1383.55,61.85,486.65,1507.9
1436.1,854.6,273.9,502.85,275.05,86.9,1379.6,61.6,498.25,1515.75
1440.95,859.55,272.35,488.3,272.05,88.75,1390.25,61.35,501,1484.75
1430.9,862.2,267.5,485.45,265,87.05,1376.6,60.3,501,1470.85
1430.9,868.15,268.5,488.25,266.95,88.25,1383.9,60.5,500.1,1518.6
1424.35,879.35,276.5,489.35,274.75,89.85,1389.55,60.95,492.95,1529.05
1409.85,871.15,279.45,487.15,273.15,90,1402.1,60.75,495.75,1527.95
1420.2,859.45,282.1,502.8,277,90.55,1404.25,60.5,486.6,1534.85
1428.6,857.6,288.45,504.2,282.2,91.15,1398.3,60.45,485.8,1544.95
1466.2,865.15,291.05,499.25,281.35,90.75,1422.3,59.65,486.55,1552.15
1442.55,872.2,293.4,490.8,276.85,91.45,1425.15,59.3,494.55,1546.75
1433.2,875.95,293.15,500.6,286.7,90.5,1403.45,59.8,507.4,1538.85
1432.35,889.85,297.35,508.3,284.85,91,1400.95,60.45,533.9,1567.5
1438.5,894.35,292.85,508.7,280.85,88.9,1421.65,60.55,547.1,1564.75
1438.85,873.1,289.45,504.2,277.35,87.85,1412.2,60.25,555.5,1556.55
1434.15,877.35,289.35,510.75,277.65,89.95,1425.35,60.25,587.45,1599.6
1439.5,881.05,294.5,515.05,283.65,92,1424.5,60.9,574.8,1614.75
1443.7,879.4,290.15,506,280.8,92.55,1437.75,60.3,579.95,1631.45
1440.3,879.5,291.55,507.55,282.8,92.6,1437.7,60.05,558.65,1616.4
1436.8,887.6,289.9,502.35,282.4,92.55,1435.25,59.4,540.5,1610.6
1447.3,881.65,290.3,499.65,283.4,91.95,1431.75,59.1,550.95,1605.9
1449,875.6,284.05,499.5,280.55,91.65,1421.6,58.55,578.2,1605.45
1462.15,889.15,284.8,488,272.75,92.55,1427.6,58.65,577.4,1545.15
1496.6,880.4,282.2,486.25,269.15,92.35,1435,58.8,570.2,1544.15
1533.05,895.75,286.05,498.65,268.65,92.9,1433.55,58.75,563.9,1554.3
1537.05,898,286.05,516.4,272.5,93.95,1453.2,59.4,567.85,1556.95
1550.65,900.35,286.45,517.15,276.9,94.45,1464.65,61.2,550.7,1582.05
1568.6,916.65,282.05,506.6,274.15,94.35,1470.65,65.2,553.4,1642.4
1546.5,901.95,289.75,509.65,278.5,107.6,1444.95,65.75,564.45,1630.25
1540.6,917.9,288.3,505.55,275.6,112.5,1445.8,65.3,585.45,1633.9
1544.3,916.95,289.8,500.85,272.75,112.05,1438.45,65.15,589.15,1632.95
1534.8,905.45,299.05,518.85,297.8,112.55,1420.25,65.9,571.4,1626.85
1532.2,908.3,296,504.5,298.55,116.4,1408.05,64.95,561.15,1608.75
1534.8,907.35,299.4,511.2,302.95,118.55,1424.85,65.15,555.4,1615.45
1535.75,906.85,296.5,518.2,300.6,118.05,1420.9,64.95,559.3,1602.5
1551.8,927.65,294.45,526.35,298.65,117.15,1431.9,65.15,561.95,1598.4
1546.4,936.8,298.1,516.9,300.2,116,1426.3,65.25,561.4,1577.3
1551.65,954.65,297.9,503,296.55,114.9,1411.75,64.35,556.55,1483.1
1553.4,973.3,301.4,500.1,301.8,117.25,1416.2,63.7,563.9,1472.05
1559.65,959.85,307.5,501.5,302.65,115.35,1436.95,63.35,562.6,1483.4
1557.15,951.2,307.65,502.8,309.75,114.8,1425.45,63.4,564.25,1454.65
1557.1,942.85,302.95,492,307.95,111.1,1406.6,61.6,552.15,1401.15
1561.25,937.35,308,501.7,307.05,112.35,1389.25,60.65,555.45,1430.1
1576,941.25,294.3,502.3,303.85,110.45,1389.3,59.75,544.85,1405.8
1569.1,940.25,288.85,500.6,306.05,107.85,1393.95,58.4,524.5,1403.15
1566.75,936.1,283.15,499.3,306.7,107.3,1413.6,56.85,524.35,1425.05
1617.15,956.5,290.1,507.45,317.7,110.85,1461.6,57.4,545.6,1464.25
1626,965.05,288.45,511.45,321.55,112.55,1477.7,58.35,516.55,1493.6
1631.9,968.55,284,507.25,314.9,108.75,1490.7,57.15,508.15,1438.3
1629.05,961.95,288.85,514.4,321.4,110.35,1473.85,57.95,509.5,1438.35
1636.2,966.05,288.3,514.05,326.45,111.45,1480.7,57.55,527.7,1431.35
1628.6,962.65,287.45,509.3,320.1,116.1,1485.6,57.85,550.1,1444.6
1634.25,965.25,287.05,508.05,318.15,114.3,1514.55,58.7,550.85,1481.75
1635.55,967,287.25,513.65,319.75,114.15,1505.25,59.15,542.95,1523.55
1638.95,966.4,287.3,510.2,318.95,112.5,1511,59.05,542.8,1506.15
1640.8,968.65,290.55,514.2,324.7,115,1516.95,59.05,549.45,1493.75
1644.75,978.85,288.6,515.75,320.2,116.3,1524.1,58.8,544.65,1476.2
1666.8,985.1,288.55,513.65,322.15,116.85,1526.85,58.7,537.6,1488.8
1668.75,976.7,284.95,507.5,315.75,114.1,1505.8,57.95,527.8,1483.6
1676.7,974.2,283.85,506.45,314.85,114.9,1492.15,57.9,516.35,1493.85
1671.2,968.05,284.2,509.5,319.05,116.3,1500.1,58,518.1,1449
1664.35,962.6,284,507.6,316.75,119,1491,57.9,514,1446.15
1669.25,982.65,285.95,510.45,316.5,120.9,1498.9,57.3,515,1443.5
1692.9,987.55,288.85,520.15,320.6,119.25,1511.35,57.2,509.35,1430.95
1686.55,983.05,290.1,511.85,292.45,118.75,1514.95,57.25,509.65,1447.05
1698.7,991.95,290.9,507.75,291.1,116.7,1494.35,57.15,512.2,1432.7
1698,997.9,294.5,508,289.6,117.5,1490.65,57.15,511.7,1452
1678.65,985.2,288.95,504.65,291.85,115.05,1491.4,56.85,505.85,1435.4
1667.65,974.75,279.65,492.85,287.9,112.6,1490.15,55.7,508.95,1415.5
1666.45,972.2,276.4,492,290.35,111.95,1490.65,55.3,505.35,1449.7
1663.05,948.35,272.45,512.1,293.25,113,1479.55,54.9,501.8,1438.5
1652.05,955.75,273.65,517.35,290.15,112.85,1478.95,54.7,507.75,1463.5
1658.6,948.85,274.85,517.25,290.05,112.3,1490.95,54.95,517.7,1492.75
1653.35,958.8,273,508.4,289.5,112.25,1497.8,56.65,521.8,1485.05
1648.75,959.85,274.9,513.9,292.85,114.85,1516.35,62.35,524.25,1505.95
1658.15,958.1,281,509.5,293.75,115.55,1519.55,63.3,524.85,1504.05
1667.2,964.7,280.1,503.15,289.7,115.9,1526.3,64.7,527,1505.75
1676.35,968,285.55,509.95,291.45,114.5,1560.35,65.2,532.6,1512.9
1680.4,958.75,283.55,506.8,289.65,113.95,1560.7,62,532.05,1514.8
1681.25,956.65,287.65,506.75,292.35,115.1,1577,63.85,533.75,1515.45
1683.55,962.1,288.75,511.9,297.9,115.15,1579.9,62.75,546.35,1582
1679.95,977.2,291.6,512.95,298.25,115.8,1574.5,62.75,540.75,1564.6
1682.35,979.7,293,510.5,303.5,114.1,1581.05,61.65,529.45,1547.45
1683.55,977.1,291,516.55,303.9,113.4,1570.1,62,521.45,1557.8
1692.3,994.2,293.3,520.2,302.25,115.5,1574.55,61.95,537.6,1570.15
1710.9,980,290.95,540,300.6,119,1560,61.35,539.45,1571.6
1703.05,999.45,290.65,540.8,302.05,117.4,1566.65,60.35,532.35,1577.65
1735.1,992.95,294.55,534.8,303.05,116.95,1554.5,60.5,524.25,1593.25
1739.65,987.95,296.1,544.95,304.15,119.35,1542.5,60.5,529.1,1617.85
1747.55,986.55,295.8,528.85,310.35,115,1580.2,60.35,528.3,1711.95
1789.65,998.15,298.35,524.65,307.2,113.1,1606.7,59.15,538.2,1785.85
1778.5,1012.7,299.1,515.1,296.15,113.75,1628.35,60.55,534.45,1841.85
1784.4,1021.65,312.5,519.8,302.6,115.25,1645.75,59.45,534.75,1809.5
1797.2,1015.3,309,516.55,302.6,115.1,1665.7,59.1,530.45,1827.25
1791.65,1010.9,307.7,516.9,301.85,114.8,1658.75,58.35,527.4,1829
1779.95,996.4,300.55,506,295.7,113.4,1645.2,58.05,517.35,1785.45
1790.25,996.2,305.25,508.1,296.25,114.25,1664.7,57.3,515.05,1807.95
1788.55,997.9,311.2,505.8,300.15,114.5,1650.5,57.55,519.45,1799.85
1777.9,987.7,303.65,499.45,295.5,112.3,1638.65,56.65,511.8,1763.55
1764.45,992.4,302.3,486.95,290.6,108.3,1637.25,56.3,497.2,1741.55
1760.45,996.8,296.7,485.5,288.75,104.7,1629.4,54.1,490.35,1730.1
1749.05,992.2,280.15,489.7,286.95,105.65,1625.35,53.25,490.3,1739.4
1757.2,982.6,278.2,491.75,291.8,108.8,1624.7,54.45,497.75,1778.5
1781.25,1000.55,283.1,499.5,294.95,110.15,1647.2,55.75,523.9,1761.85
1765.4,989,280.85,497.15,293.15,110.05,1628.5,56.4,516.95,1738.1
1752.15,983.55,278.7,490.4,293.15,108.55,1621.05,55.85,527.25,1720.75
1743.2,969.55,274.65,494.8,293.5,106,1616.1,54.65,506.8,1716.7
1747,970.8,273.9,499.2,293.95,105.3,1626.3,54.45,501.65,1712.9
1772.45,980.1,279,502.65,298.6,106.65,1660.9,55.7,509.15,1723.25
1762.5,972.1,280.3,506.85,297.7,106.45,1667.7,55.2,510.2,1719.45
1762.25,976.05,279.35,510.6,300.9,109.65,1660.55,56,511,1753.35
1746.15,964.4,277,503.6,299.5,107.75,1643.3,55.2,531.55,1721.55
1768.55,971.35,276.6,503.9,300.3,108.7,1655.8,55.55,537.55,1752.1
1776.45,976,277.75,500.35,298.05,108.35,1656.75,54.85,544.6,1753.05
1767.6,992.55,277.85,507.55,298.3,110.2,1692.25,57.25,535.35,1776.45
1750.9,978.1,277.75,501.75,297.1,111.7,1669.45,57.15,534.05,1764.1
1755.35,988.4,276.55,503.4,297.6,112.15,1684.75,57.45,537.35,1778.25
1759.9,996.15,274.25,492.85,295.35,111.45,1684.8,57.75,539.6,1793.95
1766.55,993.5,274.2,496.6,292.65,111.4,1703.9,57.25,533.15,1800
1787.65,1007.55,271.8,494,292,111.45,1695.9,56.2,537,1789
1823.35,1006.5,270.95,493.9,290.8,113.1,1791.25,56.25,535.75,1842.05
1835.2,1021.75,273.45,496.5,291.2,114.55,1741.9,57.4,539.9,1850.75
1841.85,1020.15,273.4,499.3,292,113.05,1744.75,58.9,534,1839
1839.4,1007.6,274.2,519.75,293.7,114.55,1728.75,60.8,531.7,1851.55
1848.95,1005.05,271.5,516.15,291.6,115.45,1699.35,60.45,532,1845.05
1860.45,1017.05,270.4,524.55,293,116.85,1745.6,60.75,537.45,1859.15
1849.7,1034.35,267.8,520.75,294.65,119.1,1746.45,59.9,535.1,1866.5
1848.85,1023.2,270.05,519.45,290.55,120.25,1726.4,60,530.85,1880.1
1839.1,1029.15,268.5,512.55,284.95,118.4,1730.15,59.2,533.2,377.05
1824.1,1021.9,261.85,505.3,277.1,113.85,1707.6,57.55,517.15,360.65
1799.75,999.5,258.75,501.7,279.5,111.35,1701.7,56.6,511.65,359.6
1792.3,994,258.25,511.95,282.75,112.35,1693.4,57.15,510.25,360.75
1776.5,979.6,250.4,506.3,276.4,110.55,1667.95,56.35,500.9,353.2
1795.3,1005.25,252.55,511.8,275.95,111.3,1680.75,56.35,503.45,350.8
1805.7,1002.25,253.85,509.15,276.6,112.65,1682.2,56.4,506.95,350
1808.85,1006.55,251.3,509.65,278.4,112.5,1692.95,56.35,510.05,351.05
1797,1029.45,253.2,505.95,276.1,113.1,1697.7,56,509.9,355.8
1798.6,1032.8,251.6,501.2,271.8,114.15,1688.8,56.65,512.65,359.45
1800.1,1039.5,256.75,503.35,271.95,117.65,1682.5,57.4,516,365.8
1795.5,1049.95,256.85,505.95,271.75,117,1699.5,59.6,518.15,370.9
1802.7,1055.65,256.95,514.55,269.8,117.95,1725.15,59.05,516.55,372.9
1790.15,1043.85,251.75,515.75,267.6,117.1,1717.25,57.95,509,363
1818.8,1057.6,251.2,525.1,267.55,118.05,1743,59.35,516.55,365.4
1850.8,1082.35,252.1,529.45,271.3,117.2,1750.35,59.2,517.5,369.7
1857.15,1082.5,252.05,520.35,274.25,124.8,1716,57.95,521.2,367.7
1851.25,1078.6,251.15,513.15,273.9,125.95,1707.7,57.45,521.85,373.55
1868.5,1095.9,243.75,464.5,263.15,126.45,1708.3,56.3,522.25,362.4
1848.4,1077.75,242.75,460.3,257.85,124.2,1690.85,56.25,521,357.8
1863.3,1061.55,245.95,449.95,262.55,125.25,1695.5,56.4,527.55,353.9
1867.1,1065.7,254.45,451.95,266.55,124.65,1664.9,57.05,536.15,347.6
1795.1,1010.55,324.9,473,305.7,120.8,1592.4,57.45,524.4,326.9
1795.35,1018.9,320.5,484.3,299.25,119.45,1617.6,57.15,530.55,331.2
1791.05,1029,311.05,485.95,301.15,120.05,1627.35,56.95,524.35,307.05
1815,1028.9,312,484,300.55,122.15,1620.75,55.85,525.05,314.85
1808.5,1025.05,305.8,523.15,300.1,121.75,1627.15,56.65,525.4,314.25
1821.2,1024.35,319.85,535.1,313.4,120.55,1642.55,62.3,526.1,318.8
1822.1,1019.55,314.35,532.15,316.65,118.15,1627.5,59.45,523.15,320.45
1830.7,1015.5,325,540.1,315.9,115.9,1674.5,58.8,519.75,325.95
1828.6,1009.75,329,534.5,316.1,116.3,1648,57.25,518.25,319.65
1823.7,1013.3,317.2,527.15,312.45,113.9,1654.3,56.35,515.15,311.7
1825.95,1011.4,309.55,544.85,305.5,112.9,1674.4,56.1,508.35,303.8
1827.85,1005.35,313.7,540.4,311.3,114.6,1666.75,56.3,510.55,304.65
1822,993.4,333.55,544.8,318.5,112.15,1660.3,55.9,509.75,304.05
1813.55,994.7,331.05,537.35,314.25,114.6,1659.2,55.5,510.05,303.75
1802.35,999.2,329.1,545.65,314.1,111.15,1637.7,55.3,510.15,302.55
1800.25,1011.5,324.95,542,315.5,110.6,1597.35,54.6,507.3,300.95
1807.7,1017.45,333.4,542.6,318.95,112.25,1603.9,54.25,507.65,301.3
1825.55,1023.2,337.5,542.4,325.1,112.4,1631.9,54.95,511.25,306.1
1838.15,1040.55,333,545.15,318.55,113.4,1649.3,54.9,514.9,313.35
1846.25,1029.85,330.65,546.8,319.9,111.85,1648.6,54.85,511.95,312.3
1855.25,1026.25,335.3,540.5,318.9,113.05,1627.35,54.8,506.85,309.75
1842.85,1022.1,334.95,544.15,319.45,113.05,1643.35,54.55,507.9,313.25
1851.4,1030.35,332.4,545.5,317.2,112.1,1676.3,54.65,512.6,313.05
1857.55,1036.45,335.65,559.4,317,112.25,1660.6,55.1,515.1,315.3
1865.35,1029.85,332,562.55,313.2,113.1,1678.25,55.2,521.4,315
1873.3,1026.25,328.9,549.5,314.85,112.4,1672.15,56,521.05,312.9
1853.7,1000.3,320.35,535.4,307.55,110.65,1661.95,54.9,516.75,306.9
1848.2,1005.15,312.75,533.85,305.25,108.5,1661.1,54.6,520.65,306.85
1834.1,997.95,313.6,534.95,304.25,106.4,1650.1,54.35,511.6,303.2
1820.45,999.85,319.1,533.15,305.25,108.05,1665.4,53.8,510.45,308.7
1803.3,999.65,312.4,530.5,299.5,107.95,1653.7,53.2,509.65,306.45
1809.65,1001.6,316.4,534.05,305.8,109.7,1652.35,53.55,510.8,310.5
1840.4,1009,313.1,542.5,310.75,109,1671.05,53.55,513.95,312.7
1846.4,1008.5,318.4,545.1,311.45,108.3,1670.1,54,514.05,311.6
1819.9,1000.4,318.45,538.6,307.6,106.85,1650.25,53.35,510.4,306.8
1821.35,1014.9,313.3,535.75,302.95,105,1647.4,52.35,508.5,301.9
1838.05,1024.65,314,541.45,304.35,103.75,1650.35,52.1,508.25,303.9
1873.45,1030.1,312.25,547.95,303.15,107.75,1677.05,52.55,509.7,315.9
1878.95,1023.2,318.9,548.65,308.9,108.15,1678.6,52.25,507,311.15
1884.5,1021.35,319.8,553.65,313.7,109.6,1670.05,53.65,517.45,312.25
1868.15,1012.7,317.5,554.5,315.8,108.4,1660.9,53.7,516.3,311.7
1868.3,1010.55,316.75,548.95,315.45,107.95,1656.2,55.2,515.8,310.45
1876.65,1010.05,319.85,553.6,316.6,107.65,1651.85,55,515.4,310.15
1868.35,1016.25,317.15,555,318.15,109.55,1664.2,55.05,517.1,315.5
1856.75,1014.05,314.85,554.6,312.8,109.4,1651.1,55.2,513.85,315.15
1878.05,1004.75,308.4,546.85,315.3,109,1650.45,54.1,507.4,313.5
1872.4,1010.2,309.9,563.95,314,108.5,1648.9,54.25,510.1,315.15
1854.5,999.95,307.1,565.5,310.3,108.7,1623.85,54.85,510,312.6
1872.35,1003.2,303.25,559.5,309.7,107.6,1643.95,53.95,511.65,311.65
1852.65,1000.1,302.85,560.45,315,107.7,1630.25,54.15,514.9,315.85
1859.9,1000.4,308.5,559.9,314.7,108.65,1646.6,54.55,517.4,317.1
1863.6,1003.05,306.35,563.25,312.9,112.1,1698.2,58.25,539.7,332.85
1860.6,1006.1,305.8,565.45,314.15,115.55,1719.9,63.35,545.45,333.6
1863.7,1009.75,304.3,565.3,312.6,115.15,1725.05,62.8,538.9,341.35
1864.2,1002.25,301.1,562.8,312,113.15,1734.1,63.25,529.5,339.8
1872.55,1017.65,302.2,558.75,309.5,114,1700.3,68.55,533.6,343.15
1865.3,1023.35,302.25,555.1,317.7,115.05,1705.25,67.5,530.75,340.9
1897.75,1038.35,302.6,560.55,329.3,113.6,1682.4,64.25,530.6,336
1900.15,1033.25,296.15,563.2,334.1,104.75,1664.6,60.05,522.7,334.85
1890.5,1027.1,307.1,585.2,343.25,105.1,1657.45,60.75,525.5,342.4
1934.3,1046.5,303.25,584.8,346.15,102.15,1680.1,58.3,526.3,341.2
1952.2,1060.55,309.25,590.25,353.6,103.15,1684,58.7,523.3,349.35
1963.35,1074.1,306.5,611.55,351.5,101.6,1683.2,59.35,530.65,355.35
1951.3,1075.45,318.1,620.1,362.3,103.25,1723.35,59.5,536.7,359.55
1957.65,1080.1,329.9,607.95,352.75,103.25,1717.3,59.15,514.2,364.8
1974.95,1092.35,313.15,616.1,360.8,101.15,1730.2,58.2,510.4,361.6
1999.65,1115.1,312.1,605.55,357.65,100.75,1742.5,57.95,504.85,358
1995.5,1088.05,313.55,593.75,353.25,100.65,1736.05,57.1,504.55,353.35
2005.7,1108.95,313.25,593.6,352.95,100.45,1753.1,56.8,503.5,354.4
1991.15,1120.95,306.05,592.8,346.2,97.55,1795.45,56.1,504.6,359.9
1948,1085.95,297.35,564.9,335.1,93.3,1761.3,52.7,482.75,349.05
1913.85,1062.25,298.05,566.25,329.7,94.2,1713,52.95,485.2,343.6
1896.8,1033.8,291.75,563.7,330.7,93.15,1682.85,51.3,474.6,338.75
1872.8,1036.3,292.8,559.35,332.55,93.4,1661.75,52.2,480.75,332.9
1880.95,1051.75,301.4,568.45,333.85,94.75,1670.85,53.25,484.9,335
1849.5,1032,296.4,557.55,326.75,94.85,1649.85,53.2,482.35,325.55
1876.65,1042.95,288.75,564.2,326.25,95.1,1687.8,53.65,484.8,335.4
1883.15,1042.45,276.2,543.9,318.95,95.15,1694.45,53.8,483.65,320.35
1881.9,1042.15,278.7,543.7,328.65,94.65,1686.15,53.25,480.8,319.8
1878.6,1050.2,271.65,537.85,321.05,96.2,1658.9,53.1,476.45,311.8
1878.2,1056.2,268.5,540.55,319.75,93.7,1630.45,52.25,473.85,312.05
1863.2,1045.8,269.65,531.7,317.25,91.85,1622.7,52.2,471.65,308.7
1857.4,1055.05,273.3,535.8,319.2,92,1594.25,52.35,470.85,312.35
1853.2,1072.5,272.6,530.25,318.35,89.75,1623.5,51.4,469.85,316.1
1880.55,1080.85,276.05,536.65,322.75,94.75,1643.5,51.95,488,323.45
1911.55,1105.15,274.45,552.3,327.05,96.35,1691.3,52.3,494.7,326.15
1902.55,1093.05,267.6,538.4,322.15,95.95,1685.2,52.05,490.3,327.15
1884.2,1090.55,268,528.75,313.25,94.25,1680.75,51.5,490.2,322.3
1874.35,1095.7,262.15,525.75,304.95,94,1700.35,51.85,485.05,321.05
1869.95,1100,263.5,524.55,303.35,92.8,1689.2,50.85,477.25,312.95
1846.25,1082.45,256.55,517.35,295.05,91.65,1710.3,50.15,470,312.15
1832.6,1085.1,246.65,512.65,286.7,89.8,1704.25,48.9,453.7,311.95
1852.85,1082.3,256.8,520.55,296.95,93.05,1694.15,49.45,455.45,308.55
1851.05,1082.45,253.25,505.35,292.7,94,1697.55,49.95,456.3,303.25
1867.25,1100.6,252.85,519.2,300.65,94.45,1735.3,49.75,466.6,311.15
1860.25,1083.9,254.7,531.5,304.35,96.35,1729.5,50.15,467.5,312.8
1864.5,1081.75,257.05,536.15,306.05,94.9,1733.35,50.3,472.1,318.85
1880.8,1085.65,253.7,529.65,301.45,93.65,1741.75,50.25,476.35,311.85
1853,1060.75,252.3,522.6,298.1,93.3,1724.7,50.2,468.35,312.9
1847.25,1049,247.95,519.45,294.55,90.7,1718.8,49.35,463.1,304.8
1839.5,1045.3,249.1,521.1,292,91.25,1716.65,49.25,465.1,302.4
1858.9,1051.1,248,526.3,289.2,90.95,1731.45,49.3,462.1,300.75
1867.75,1053.05,241.55,518.2,283.25,90.85,1753.1,49.1,462.7,298.25
1841.55,1038.8,234.8,499.5,275.55,90.65,1749.5,47.75,461.6,286.65
1893.45,1039.35,246.5,507.3,281.65,91.55,1759.75,47.5,465.05,303.35
1892.6,1049.85,254.35,512.2,283.9,90.9,1788.2,48.75,477.2,303.5
1886.1,1047.8,249.9,510.5,278.35,89.2,1796.75,47.35,479.85,304.85
1931.2,1096.55,246.15,499.05,261.85,90.2,1804.6,47.95,484.65,306.25
1915.9,1103.3,250.5,501.55,270.05,91.55,1829.7,48.75,484.75,313.1
1883.25,1078.3,247.3,492.25,268.65,91.4,1799.35,48.25,489.15,305.45
1908.9,1118.3,259.3,503.1,278.65,93.5,1836.95,49.5,496.5,313.05
1923.4,1119.2,259.7,500.2,280.65,97.25,1824.15,49.85,494.1,314.5
1939.05,1118.25,260.65,519.3,280.85,98.5,1860.1,50.35,496.05,316.25
1920.85,1113.65,263.3,546.15,288.8,96.75,1847.95,49.6,501,319.25
1918.85,1126.1,257.05,539.8,284.55,99.1,1855.75,49.4,505.05,312
1928.8,1134.6,253.8,548.75,286.75,98.65,1857.8,48.9,499.95,311.75
1925,1151.1,250.95,542.55,288.25,98.65,1861.3,48.95,501.4,309.55
1942.1,1172.1,249,542.4,287.6,98.4,1864.65,49.05,510,310.35
1948.5,1164.85,248.15,532.4,291.75,99.35,1866.85,49.15,512.65,307.9
1932.6,1153.95,246.45,518.25,290.05,99.2,1843.6,49.45,510.05,309.55
1939,1153.9,246.15,512.9,289.6,98.2,1832.95,49.35,508.9,318.5
1955.9,1152.85,241.2,505.7,282.15,96.8,1812.85,48.65,507.35,308.55
1935.75,1169,242.45,506.2,279.4,97.15,1874.4,48.5,502.45,313.05
1935,1166,240.6,504.85,284.1,97.45,1877.4,47.8,511.65,324
1920.75,1167.85,237.2,498.4,278.9,95.95,1847.75,47.4,521.1,325.25
1930.25,1185.7,233.2,493.75,278.85,97.1,1881.9,47.2,520.35,352.4
1923.4,1188.75,242.6,539.2,287.9,98.25,1884.7,47.95,537.65,348.9
1944.3,1211.1,246.4,517.3,284.2,98.3,1898,48.35,530.55,362
1969.5,1256.85,241,523.75,276.9,99,1868.3,47.8,518.35,354.25
1967.9,1233.55,241.9,533.4,281.9,97.55,1878.15,46.75,520.55,353.95
1988.5,1233.45,241.95,520.3,282.85,100.05,1891.15,46.4,523.55,345.1
1977.4,1245.05,246.5,536.1,289.8,101.2,1889.8,45.85,524.15,347.9
1967.05,1241.85,250.05,542.25,309.3,103.45,1869.6,45.55,519.15,343.3
1978.4,1251.15,248,548.5,306.8,101.15,1879.1,45.4,515.1,347.85
1992.7,1247.5,247.95,547.65,306.85,89.4,1885.35,43.7,519.3,344.65
2011.75,1267.3,250.35,553.3,310.95,90.05,1894.25,43.9,518.4,350.25
2021.75,1271.6,253.6,551.9,310.1,89.9,1915,42.3,515.45,344.8
2037.8,1283.85,248,549.7,308.25,86.4,1916.95,41,512.65,345.75
2023.35,1281.4,243.1,550,297.25,83.65,1925.6,41.4,513.8,349.75
2027.75,1270.7,242.7,539.45,296,82.6,1914.35,42.2,513.55,345.3
2012.15,1294.4,238.85,532.9,286.1,82.5,1930,41,508.5,345.5
1993.05,1276.65,244.45,526.85,289.3,80.9,1924.95,40.25,498.2,334.15
1989.9,1262.7,253.9,523.3,290.3,82.3,1903.95,41.3,500.95,334.7
1967.5,1255.35,263.2,520.25,292.05,82.25,1853.65,40.45,499.45,333.7
1986,1275.45,268.5,534.45,297.7,82.9,1870.7,40.05,495.45,330
2008.7,1295.85,266.95,538.5,295.65,84.4,1914.95,40.85,515.05,339.4
2042.2,1297.15,272.05,546.15,299.25,86.7,1914.45,42.1,521.9,345.2
2032.6,1284.25,264.3,547.75,289.9,86.8,1877.3,40.85,527.45,338.05
2048.35,1303.25,267.15,541.65,284.9,86.1,1884.85,40.05,521.8,343.15
2139.45,1334.6,269.55,545.9,285.8,84.8,1955.45,40.7,515.9,346.2
2110.6,1318,266.7,536.65,289.3,83,1915.4,40.75,507.55,342.7
2046.2,1303.95,263,537.05,286.75,81.2,1902.2,39.15,507.7,342.95
2063.6,1304.7,263.55,530.9,284.1,82.25,1899.4,38.35,513.4,336.75
2057.35,1315.7,270.15,531.4,283.9,83.25,1919.8,41,519.05,339.15
2062.2,1310.45,269.65,542.4,290.9,86.1,1900.45,42.05,526.3,339.55
2049.35,1318.35,273,537.4,288.25,86.6,1888.7,41.9,532.8,337.65
2042.3,1323.35,274,539.95,286.4,87.65,1904.8,42.15,541.3,335.7
2043.85,1329.3,282.85,537.15,287.4,88.45,1954.75,42.95,548.15,332.2
2031.45,1325.65,287.7,540.65,290.75,86.75,1945.45,43.75,557.65,333.2
2037.4,1332.65,282.6,532,284.75,85.75,1963.4,44.15,558.8,337.2
2029.6,1340,277.45,528.75,282.5,83.9,1967.35,43.25,559.75,330.65
2019.15,1315.3,276.85,522.55,293,84,1967.95,42.4,551.6,331.65
2023.5,1303.25,272.6,517.2,292.8,82.8,1931.5,41.15,542.05,330.9
2056.15,1324.6,273.3,519.1,293.2,83.5,1967.4,42.2,544.45,336.1
2057.6,1313.95,268.65,513.05,297.95,82.3,1960.5,42.5,538.95,332.95
2083.35,1321.4,273.05,525.65,300.65,82.9,1953.25,42.05,554,335.1
2094.95,1328,268.45,515.2,289.7,82.75,1969.95,42.25,558.85,334.15
2093.7,1329.85,267.4,514.2,288.1,83.5,1983.3,41.7,559.6,335.95
2112.6,1324.2,261.7,507.85,279.05,82.75,1969.25,40.95,544.3,335.6
2130.85,1339.1,257,504.6,271.4,78.6,1967.6,39.3,542.15,329.3
2108.45,1342.95,259.35,510.8,275.4,81.85,1932.2,38.85,552.05,339.65
2073.25,1337.95,258.85,512.25,277.4,81.3,1948.8,38.6,550.65,337.05
2070.2,1353.15,257.5,511.55,272.9,83.3,1951,39.2,564.95,336.9
2103.55,1365.25,257.45,514.75,273.25,83.5,1976.3,39.4,570.25,335.55
2123.75,1365,256.45,511,271.55,82.15,1964.45,38.35,564.45,348.65
2115.15,1371.2,257.2,513.7,270.05,81.5,1959.4,38.9,563.05,352.6
2125.65,1385.1,261.55,525.25,271.2,84.85,1958.3,38.9,579.2,363.3
2146.4,1372.15,263.75,532.55,273.4,83.45,1935.1,39.45,579.9,371.4
2148.25,1386.95,259.1,536.55,268.75,81.95,1914.8,39.45,579.45,371.6
2165.95,1389.8,262.75,538.35,272.3,79.9,1938.15,39.2,575.7,374.8
2180.9,1404.35,257.75,523,267.75,77.9,1923.75,38.05,570.6,376
2168.85,1408.45,251.6,522.1,259.25,74.15,1922.75,36.1,550.2,378.5
2176.75,1400.6,259.05,537.9,266.45,88.3,1905,37.45,562.1,380.8
2176.2,1398.55,259.55,526.55,262.7,85.95,1892.55,36.85,565.05,383.65
2186.1,1347.4,260.2,526.8,261.2,85.85,1888.25,36.95,557.4,392.3
2189.05,1333.3,261.5,533.7,265.8,85.75,1902.55,36.85,577.8,386.5
2156.45,1337.05,266.35,540.35,275.55,87.85,1940.15,37.7,569.8,386.6
2159.75,1312.25,266.85,546.1,274.35,87.7,1947.4,38.7,569.75,384.35
2170.35,1314.9,271.85,532.25,274.65,86.9,1965.05,38.4,569.95,382.9
2192.6,1311.25,287.7,541.65,285.65,88.25,1960.35,38.2,567.25,369.75
2202.15,1311.1,286.75,553.25,293.2,90.8,1981.55,39.3,570.05,370
2169.9,1305.25,297.4,569.65,307.35,90.3,1970.2,41.3,562.75,369.3
2179.5,1306.85,293.5,550.4,304.25,89,1995.15,40.05,572.9,367.95
2158.7,1312.7,295.1,545.15,299.3,87.6,2001.35,39.55,568.95,365.85
2130.2,1280.2,293.9,547.25,298.55,87.25,2023.05,40.1,568.7,361.8
2121.65,1309.5,299.25,574.75,305,87.25,2015.85,41.15,567.8,373.2
2114.3,1282.8,308.5,596.8,315.1,88.45,1999.8,41.5,565.5,377.9
2130.9,1283.7,304.05,593.05,313.15,87.4,1994.3,41.45,565.1,381.65
2136.35,1288.3,308.7,596.3,318.7,88.25,2000.65,41.05,571.55,382.75
2118.5,1277.25,317.4,621.05,333,89.55,1985.05,42.8,567.4,381.05
2114.45,1285.5,304.45,615.5,328.6,89.2,1979.5,43.4,568.75,382.85
2091.65,1287.15,294.15,604.9,324.9,87.65,1993.9,44.6,562.25,370.7
2089.1,1293,294.9,618.05,332.45,88.8,1997.6,44.55,564.15,382.5
2075.7,1245.4,292.7,623.45,334.3,89.7,1984.2,45.35,571.25,378.45
2077.35,1263.25,302.1,627.3,340,86.25,1990.4,46.6,573.45,393.2
2096.2,1274.75,307.65,624.4,338.45,81.5,1990.95,47.9,591.3,394
2096.05,1263.4,307,635.75,338.85,81.85,1975.95,47.1,596.6,391.35
2079.9,1247.7,302.45,631.75,337.2,81.5,1957.2,47.3,595.1,388.6
2069.85,1254.5,300.45,639.9,330.15,81.6,1928.15,46.85,609.7,374.2
2080.45,1274.9,308,650.2,339.9,79.9,1951.35,47.2,636.8,383
2094.85,1285.1,305.35,660.05,338.9,79.65,1933.65,47.45,634.35,370.6
2078.5,1288.6,309.7,656.9,340.65,80.85,1905.55,48.25,639.9,365.15
2066.1,1278.05,308.6,649.75,344.35,80.85,1875.65,48.55,626.9,361.75
2061.2,1287.25,309.6,649.25,342.6,81.1,1906.6,47.6,627.25,343.5
2075.05,1269.1,306.35,631.8,334.15,80.75,1897,47.9,623.9,339.05
2051.8,1257.6,296.4,641.8,328.5,77,1855.6,44.95,608,334.05
2045.85,1238.15,296.55,637.65,329.65,77.75,1854.85,44.85,593.55,343.8
2052.2,1260.9,296.45,638.2,328.65,77.35,1880,44.9,591.55,339.2
2056.95,1244.95,291.65,645.55,335.1,78.05,1875.85,45.75,609.75,323.4
2041.15,1223.35,284.85,651.75,332.9,75.55,1829.15,44.8,599.25,323.65
2000.4,1206.4,282.6,650.15,326.55,75.8,1826.5,43.9,602.9,316.6
2011.85,1230.4,285.3,635.45,322.9,76.25,1828.35,43.65,598.45,314.3
2029.6,1239.55,290.65,636.4,328.35,77.85,1872.8,44.85,611.25,323.1
1992.2,1230.4,285.3,625.95,325.7,77.65,1877.05,44.25,596.65,318.6
1989.2,1215.3,273.8,608.6,318.85,75.35,1862.15,43.85,596.2,323.55
1961.35,1226.9,271.5,608.8,320.95,75.15,1804.65,43.3,589.65,319.2
1970.25,1180.2,270.6,599.2,317.1,73.5,1762.45,40.5,564.6,226.5
1925.7,1148.7,264.35,597.35,308.75,71.9,1674.2,38.8,531.35,226.4
1952.4,1183.35,270.9,614.35,311.1,71.85,1696.75,37.95,521.2,219.7
1968.2,1169.4,263.85,617.45,313.1,71.5,1701.8,38.25,536.25,223.75
1976.15,1142.45,265.35,600.15,306.65,70.4,1682,36.65,523.2,203.25
2006.05,1141.6,265.5,613.25,305.55,70.7,1690.05,36.3,511.9,183.65
2035.45,1122,273.85,593.45,314,73.05,1642.65,37.35,524.9,200.85
2031.15,1098.25,271.7,572.25,303.7,70.2,1638.7,37.5,526.15,212.75
1957.75,1074.5,271.35,586.25,316.5,68.05,1589.5,36.7,508.85,215
1965.3,1052.2,258.35,568.5,307.3,68.3,1607.35,35.35,490.25,206
1945,1104.3,265.75,556.55,310.85,70.3,1600,33.75,495.1,221.2
1940.6,1108.45,262.95,552.85,306.25,70.75,1607.9,33.6,499.75,224.65
1967.15,1137.75,278.65,589.2,319.85,73.6,1637.95,35.9,534.7,233.9
1937.55,1115.55,262.15,580.85,311.7,71.3,1592.55,35.15,519.65,240.2
1981.85,1167.15,263.75,584.9,319.4,73.75,1652.7,36.5,526.85,246.45
2008.05,1170.45,263.2,576.55,313.35,75.8,1626.95,36.1,527.15,246
1992.75,1175.75,270.3,588.85,320.65,81.65,1620.55,36.3,538.7,248.9
1974.6,1176,261.15,576.05,314.8,78.5,1603.9,35.1,537.9,231.9
1967.75,1198.95,261.1,562.55,315.45,81.4,1576.7,35.35,506.1,217.9
1998.9,1164,260.35,562.05,327.1,79.8,1449.45,34.8,469.25,211.5
1984.85,1174.45,255.65,562.75,322.85,79.6,1473.15,34.4,464.9,213.2
1992.25,1177.1,255.7,564.1,322,81.85,1521.35,35.25,493.25,204
1968.8,1185.8,249.55,561.05,319.95,80.65,1491.1,34.05,493.8,198.35
1961.2,1158.6,248.1,537.7,315.65,79.45,1445.8,33.35,498.9,180.7
1926.3,1138.1,267.9,566.7,349.4,81.2,1412.8,34.25,516.85,181.3
1912.75,1123.8,273.15,562.7,345.7,83.15,1364.3,34.65,526.45,182.05
1911.75,1119.15,281.4,582.4,355,82.75,1425.1,34.6,524.5,188.1
1912.2,1109.55,285.9,602.15,353.7,82.65,1463.95,35.1,523.25,204.05
1949.45,1133.2,285.35,610.65,354.45,82.4,1541.8,35.6,522.3,209.1
1956,1129.45,294.95,624.4,349.65,80.25,1486.45,35.25,533.15,210.1
1946.55,1125.3,286.45,607.45,353.1,80.1,1475.45,35.15,538.4,214.45
1957.95,1134.3,286.55,606.85,355.9,80.95,1483.9,35.5,540.1,215.95
1945.4,1135.55,283.25,613.2,356.85,81.5,1494.9,36.55,551.65,227.9
1921.05,1153.7,277.95,606.55,352.35,80.1,1493,36.15,546.6,223.05
1927.75,1165.9,278.05,618.3,360.9,78.9,1485.55,35.35,554.35,225.45
1957.75,1129.9,283.6,612.7,366.6,78.5,1513.55,35.7,548.7,222.4
1975.15,1162.25,285.4,626.1,370,78.35,1512.15,36.6,551.15,205.85
2004.3,1168.6,290.9,619.8,367.55,79.9,1501.1,36.45,559.25,191
2013.9,1175.25,288.15,616.3,362.4,81.25,1537.95,36.05,556.45,204.8
2012.45,1169.95,283.45,612.65,357.9,80,1557.85,35.5,555.95,192.1
2018.75,1176.7,287.05,626.85,356.75,82.95,1546.7,36.4,554.05,198.15
2005.5,1170.6,282.7,614.55,352.05,80.7,1528.85,39,558.55,195.55
2049.8,1170.55,286.4,631.05,356.35,81.05,1562.75,39.7,558.35,187.9
2064,1173.55,289.4,625.25,354.65,81.25,1588.55,39.8,574.8,182.65
2089.25,1160.25,284.55,627.95,359,81.65,1613.35,38.8,543.3,162.1
2131.05,1212.95,286.4,631.4,362.2,85.25,1660.55,38.45,545.35,160.45
2128.45,1233.95,284.65,625.75,355.15,85.3,1631.8,38.45,548.4,169.8
2113.3,1226.1,286.8,624.8,355.5,84.4,1656.3,38.35,556.2,178
2085.55,1225.3,282.55,623.25,357.95,84.95,1635.75,39,556.2,176.5
2099.2,1211.5,280.15,614.95,351.4,84,1603.6,37.75,559.05,173.4
2097.05,1180.25,275.65,600.05,347.65,84.7,1569.45,36.6,550,168.45
2107.6,1279.65,275.4,603.95,352.2,83.5,1566.8,36.5,548.25,166.2
2088.75,1198.35,274.2,590.3,346.35,82.4,1554.45,35.9,548,165.65
2059.55,1218.7,281.25,604.25,342.8,83.65,1552.8,36.4,558.95,177.85
2085.3,1237.15,285.25,619.95,349.95,88.05,1582.2,37.6,574.35,186.6
2101.3,1264.4,289,619.1,349.55,89.4,1610.1,39.4,581.6,174.7
2095.7,1255.95,289.2,620.25,351.9,91.25,1603.85,39.15,577.8,180.35
2130.2,1222.45,289.5,617.15,358.45,92.8,1633.35,39.35,578.95,181
2135.45,1237.1,292.75,619.4,362.25,92.2,1639.55,41.2,577.55,179
2123.45,1225.65,300.7,641.65,366.5,94.85,1612.65,42.8,581.9,179.55
2137.45,1236.3,294.05,632.95,362.15,95.4,1612.85,43.9,578.75,186.75
2111.15,1227.2,291.9,620.85,354.2,92.5,1575.65,43.15,563.65,182.95
2080.65,1238.5,293.05,615,352.75,93.8,1562.35,43.1,561.2,182.3
2122.35,1248.15,294.15,619.5,355.85,92.45,1556.45,43.1,558.9,179.45
2105.05,1240.25,292.15,617.55,355.65,94.1,1564,42.75,576.9,178.1
2122.9,1241.35,294.8,625.05,360.75,93.25,1583.25,42.95,580.45,181.45
2121.7,1256.5,295.9,619.9,360.15,93.25,1599.3,43.35,575.6,181.8
2148.1,1250.45,299.6,627.3,363.75,93,1595.6,43.35,577.1,184.25
2128.5,1240.6,293.9,620.05,364.6,94.8,1576.6,42.7,565.2,184.65
2111.8,1235.25,291.1,607.95,363.25,92,1560.1,43.05,562.1,184.1
2117.45,1247.95,297.65,619.6,365.2,94.8,1548.2,45.15,571.65,189.65
2120.65,1246.6,296.3,637.45,367.7,94.6,1559.15,46.15,574.15,187.15
2103,1228.9,305.3,650.9,380.15,95.25,1577.75,46,565,192.35
2116.8,1238.25,305.3,670.1,382.25,96.9,1601.75,46.25,577.1,186.45
2108.5,1219.55,305.55,663.25,379.5,95.65,1565.9,46.95,579.25,186.9
2111.9,1223.2,302.75,666.5,378.55,95.4,1515.15,46.7,575.75,184.25
2101.65,1211.75,300.4,659.2,373.35,90.6,1484.05,46.9,576.2,195.35
2121.9,1213.4,301.65,660.6,372.75,91,1495.2,47.05,579.25,203
2120.2,1202.75,303.15,664,375.3,91.2,1526.7,48.35,574.25,208.35
2132.3,1219.95,297.4,676.65,374.6,88.5,1523,47.25,569.95,201.5
2130.25,1240.2,294.95,664.6,372,90,1516.9,47.1,569.65,198.6
2148.15,1267.6,292.45,660.3,371.7,88.7,1507.6,46.4,579.9,191.95
2135.85,1291.75,290.25,661.6,369.05,89.5,1501.6,46.9,575.1,192.2
2105.4,1276.5,286.65,661.6,367.4,88.5,1495,47.3,578.5,197.25
2102.25,1267.75,288.05,663.65,364.8,88.9,1490.3,47.1,578.15,215.4
2096,1266.15,285.4,669.75,357.2,86.5,1484.9,46.65,573.65,219.6
2084.15,1260.45,281.6,656.3,343.55,84.15,1443.7,45.75,563.15,207.5
2057.6,1251.4,280.6,660.75,346.85,86.5,1461.85,46.2,550.5,202.9
2034.7,1222.2,287.45,690.95,365.9,86.5,1476.1,44.75,563,199.5
2079.95,1255.75,293.65,722.7,364.45,85.9,1505.55,45.2,568.65,194.1
2090.45,1255.7,284.4,717.25,354.65,86.25,1515.15,44.8,577.2,185.6
2104.9,1272.2,283.95,720.5,354.55,88.05,1504.65,43.3,594.5,179.8
2114.05,1279.15,284.65,729.5,352.65,87.25,1541.75,42.95,585.6,176.1
2122.65,1279.5,289.05,725.75,359.3,85.5,1526.05,41.6,584.15,176.45
2117.25,1284.55,287.4,730.15,358.65,86.1,1514.95,44.5,580.1,176.95
2122.65,1299.4,286,719.4,355.1,84.15,1499.05,44.25,572.85,175.1
2139.65,1301.55,280.5,710.85,350.05,83.45,1511,45,564.6,173.25
2129.7,1298.65,275.4,705.6,344.3,82.8,1497.2,45.25,563.5,172.65
2143.45,1298.3,268.2,697.5,339.75,81.2,1498.45,44.15,554,169.45
2110.2,1286.8,267.1,695,343.95,80.3,1517.5,44.7,551.45,221.25
2100.65,1283.65,262.95,686.6,342.15,80.2,1509.5,44.4,548.55,219
2089.9,1277.05,259.95,693.3,338.75,80,1517,43.1,548.3,213.55
2084.05,1280.45,262.9,693.05,343.25,79.3,1480.5,43.4,546.65,212.85
2108.35,1289.75,267.7,700.35,345.2,79.65,1480.8,44.75,554.75,217.85
2115.9,1289.15,268,697.2,351.3,79.6,1471.55,45,559.5,215.15
2091.45,1237.9,270.95,702.05,352.05,79.45,1462.8,45.55,563.85,222
2125.4,1240.95,270.15,703.7,355.6,80.8,1491.2,45.9,574.3,229.1
2110.65,1236.15,266.35,710.15,348.2,81.7,1478.1,45.5,576,229.5
2092.25,1216.15,267.65,718.2,345.55,81.45,1476.7,44.95,571.75,228.2
2077.55,1213.1,269.05,709.55,350.15,83.85,1473.85,44.75,577.85,231.15
2083.35,1225.95,272.95,702.4,354.25,85.7,1514.1,47.5,595.8,237.6
2107.1,1240.45,276.45,732.05,363.25,88.95,1541.6,51.05,609.45,237.45
2104.25,1241.3,278.1,720.6,371.95,87.25,1534.85,51.25,627.5,235.3
2126.5,1237.2,281.75,733.75,370.8,87.95,1531.25,48.95,622.45,231.7
2128.2,1238.9,281.2,733.4,370.6,87.55,1518,48.95,638.1,232.3
2128.45,1249.55,287.35,734.5,375.85,91.25,1514.6,50.1,642.9,236.3
2171,1263.35,286.9,742.55,388.2,90.35,1569.05,49.85,633.25,235.85
2226.55,1261.25,293.15,738,391.9,91.05,1636.35,50.05,627.25,244.3
2224.75,1268.95,291.9,740.6,387.9,90,1682.7,50.6,636.9,249.85
2253,1325.15,298.4,735.1,395.3,91.4,1703.25,52.05,648.15,245.05
2261.45,1343.65,298.95,751.6,398.05,91.2,1719.1,52.25,636.45,245.95
2267.75,1347.75,303.05,760.9,398.4,93.8,1725.2,52.55,648.3,248.8
2299,1351.6,303.8,755.75,392.9,92.35,1713.4,52.35,644.75,252.15
2276.15,1336.25,298.05,757.05,391.8,90.45,1698.6,52.8,636.3,252.6
2281.3,1308.65,294,745.7,383.5,88.8,1683.55,51.8,637.35,247.25
2311.35,1342.95,303.5,757.1,394.1,90.7,1714.65,52.55,654.2,253.7
2299.45,1332.85,308.8,759.3,393.2,91.8,1804.25,53.7,668.5,268.45
2302.8,1340.75,319,780.7,400.55,93.65,1821.1,54.65,684.3,276.1
2318.9,1334.5,320.75,777.25,400.5,96.45,1780,55.5,680.35,275.1
2311.8,1339.4,322.75,765.6,398.25,98.1,1743.05,55.9,679.8,275.9
2294.85,1339.45,329,767.4,397.15,97.4,1774.55,54.95,678.75,280.3
2292.75,1334.2,320.5,761.5,392.1,95.2,1773.6,54.55,663.05,273.7
2283.95,1322.9,321.8,762.15,388.75,95.1,1736.15,54,649.25,268.05
2305.6,1335.95,317.05,762.2,390.55,98.75,1767.95,54.2,671.05,266.85
2289.4,1343.25,312.8,754.6,387.1,97.15,1751,54.2,655.95,260.05
2287.25,1341.45,314.75,763.4,397.15,98.15,1767.1,54.65,668.1,270.6
2237.35,1349.9,310.9,760.85,394.2,97.8,1747.45,54.55,674.05,268.25
2257.5,1343.2,314.9,752.3,390.05,96.45,1740.65,54.4,664.6,269.05
2265.25,1343.45,315.25,764.35,394.6,96.6,1736.8,54.2,667.35,267.9
2288.8,1373.85,315.6,762.85,392.75,97.4,1748.9,54,668.8,265.5
2305.05,1386.4,315.75,771.1,407,98.15,1815.15,53.65,680.3,266.45
2293.65,1369.65,310.8,771.2,404.4,97,1764.3,53,675.45,255.8
2268.7,1356.7,310.05,755.5,394.5,95.25,1691,51.85,681.1,238.35
2245.3,1355.35,305.25,753.25,396.5,95.05,1651.35,51.65,673.35,232.7
2279.75,1366.75,310.75,752.85,401.1,95.35,1699.25,52.1,672.75,239.15
2263.45,1360.4,306.2,740.9,395.4,95.45,1683.45,52.75,665.95,237.05
2280.95,1379.25,312.5,759.9,407.2,95.7,1698.85,51.95,669.9,237.2
2317.45,1386.55,309.95,766.85,407.5,92.75,1606.5,49.95,678.85,168
2355.8,1406.35,308.15,752.35,395.55,94.25,1561.3,50.5,662.45,173.75
2367.95,1417.8,310,757.3,401.8,97.65,1556.6,50.65,672.2,175.9
2328.45,1410.4,308.75,747.45,401.3,100.1,1528.25,50.25,664.05,166.25
2322.35,1408.15,305.45,741.85,386.5,98.7,1515.8,48.75,665.95,164.75
2307.25,1402.2,298.25,735.5,382.2,98.6,1488.75,49.35,652.8,160.75
2290.9,1385.5,299.3,731,381.4,97.25,1476.55,48.65,661.85,170.3
2296.5,1398.15,308.05,735.05,385.1,97,1439.9,49.15,675,163.85
2287.2,1389.35,306.9,732.1,376.3,96.5,1393.3,42.95,659.5,154.7
2287.9,1382.95,314.65,731.35,380.4,98.2,1432.7,41.75,651.2,155.85
2286.7,1395.8,312.1,721.95,377.05,97.4,1379,40.75,652.25,142.95
2310.65,1413.15,315.75,731.85,382.5,97.7,1358.2,41.15,632.9,137.75
2362.1,1460,319.25,748.95,389.7,98.6,1373.55,41.75,655.75,134.15
2432.35,1502.55,344.7,782.4,407.7,103.6,1494.65,43.05,680.25,143.55
2403.7,1487.9,337.55,772.95,400.15,101.3,1447.75,43.4,669.9,141
2405.75,1495.25,341.1,779.15,405.35,101.4,1518.9,42.65,666.85,137.55
2332.1,1499.75,342.2,776.4,410.85,102.35,1598.75,42.05,674.05,139.75
2373.35,1511.7,355.35,793.2,431.75,105.7,1648.9,45.05,667.5,141.2
2408.35,1529.4,361.7,813.9,435.5,108.05,1612.8,45.9,698.3,146.8
2416.2,1511,360.05,808.4,434.3,107.55,1619.65,45.55,701.45,152.8
2416.9,1513.9,348.65,804.7,423.3,107.65,1608.65,45.85,686.05,151.7
2439.55,1535.35,353.55,807.55,426.2,108.1,1586.9,45.75,692.3,155
2425.35,1522.15,352.5,808.3,423.7,107.35,1605.35,45.4,687.35,147.8
2457.1,1531.25,355.45,812.65,422.9,107.6,1662.65,45.3,695.6,149.45
2452.3,1531.35,352.4,822.8,419.1,107.8,1638,45.5,691.25,152.8
2423.35,1514.25,336.9,807.7,411.55,105,1522.65,42.4,667.1,143.4
2447.65,1511.8,342.05,804,416.6,105.9,1552.2,42.55,668.55,139.9
2440.2,1502.6,344.3,814.15,416.1,105.4,1551.65,42.2,669.65,135.9
2448.4,1507.7,347.1,814.8,421.35,107.5,1590.6,42.55,669.45,139.55
2427.05,1483.5,344,813.55,418,105.1,1569.85,42.65,658.6,134.75
2444.7,1504,346.5,820.15,419.6,106.7,1488.85,42.05,639.15,117.1
2435.1,1473.85,343.8,801.2,417.75,106,1426.8,41.8,625.9,115.05
2422,1460.35,337.85,777.7,414.2,106.05,1399.65,41.4,621.3,116.15
2417.25,1461.85,340.05,775.75,422.15,104.9,1409,40.95,626.85,109.3
2428.35,1497.8,338.85,770.7,419.8,104.05,1381.35,40.5,623.2,103.2
2426.35,1518.35,345.15,771.4,433.4,104.05,1435.6,42.1,624.4,114.55
2414.2,1489.8,349.4,771.05,430.8,102.85,1448.65,42.4,611.95,109.6
2417.95,1470.6,353.2,762.85,429.45,102.9,1461.55,42.4,618.5,111.95
2428.7,1483.9,356.55,781.65,433.65,103.95,1449.65,42.45,622.8,110.05
2467.9,1490.6,358.15,788.6,438.65,104.45,1434.8,42.85,632.95,113.05
2462.3,1481.6,362.15,800.45,440.95,108.55,1450.2,42.9,637.5,112.4
2443.75,1477.1,361.25,808.55,437.1,108.4,1410.5,43.25,638.65,108.75
2485.55,1481.2,361.55,810.45,439,109.05,1433.6,44.25,648.45,109.15
2495,1471.5,364.5,802.6,436.75,108.5,1416.55,44.4,653.05,100.8
2489.65,1475,366.15,806.2,435.95,109.8,1470.6,44.95,652,99.75
2483.8,1497.8,367.4,808.85,436.2,108.85,1493.1,45,654.15,96.25
2472.4,1517.2,370.65,806.1,436.35,107.35,1532.55,43.4,632.95,88.15
2409.6,1475.3,355.3,782.9,425.9,105.1,1476.5,42.1,627,93.15
2379.15,1462.85,359.5,786.2,428.5,106.75,1492.1,42.95,627.45,91.35
2388.75,1475.85,354.2,769.25,430.9,105.3,1487.25,42.65,626.6,93
2407.15,1484.95,363.2,766.4,426.55,104.85,1541.25,42.75,635,92.45
2393.9,1483.65,363.6,755.8,427.05,106.25,1509.5,43.1,640.9,94.2
2394.75,1508.1,360.05,749.75,422.3,106.7,1475.1,42.35,606.1,93.2
2391.2,1501.45,364.35,761.05,424.6,107.2,1473.2,42.05,578.55,103.85
2397.45,1534.6,372.4,752.6,424.7,103.15,1501.25,43.2,590.05,98.4
2411.9,1538.25,363.65,740.4,418.65,99.15,1471.45,41.8,579.75,85.8
2375.65,1498.9,356,729.25,410.3,98.8,1422.15,40.25,500.4,83.25
2297.25,1454.3,350.85,727.45,411.5,95.6,1418.4,40.15,478,91.15
2263.5,1494,342.2,728,411.95,94.15,1416.75,39.05,467.15,90.65
2280.9,1497.2,339.6,712.3,408.5,93.05,1362,37.6,456.3,89.15
2286.05,1485.05,341.3,723.15,409,92.45,1391.65,38.95,454.95,87.65
2277.3,1511.85,342.6,729.85,415.75,95.3,1415.5,42.35,456.6,96.05
2244.3,1502.5,343.8,720.25,429.35,93.55,1432.3,41.5,449.45,94.75
2252.25,1498.7,327.55,707.6,425.35,90.6,1337.3,39.8,398.7,86.05
2251.65,1519.55,332.2,674.1,424.6,92.4,1412.85,41.95,403.9,91.2
2221.8,1495.8,317.15,669.3,417.05,89.5,1398.65,41.55,395.45,88.4
2214.35,1507.6,308.45,673.85,410.6,87.3,1382.9,41.35,407.45,88.3
2179.25,1460.1,300.25,662.45,402.65,87.4,1388.2,41.1,389,81.1
2189.1,1485.3,301.4,679,410.25,88.15,1417.1,41.7,395.15,85.35
2184,1476.3,289.9,659.95,408.4,86.8,1426.35,41.35,363.45,86.85
2233.15,1502.75,294.35,660.1,414.4,87.3,1414.05,42.45,366.95,89.2
2282,1532.1,291.35,660.8,420.15,87.9,1413.4,44.35,384.15,82.15
2220.35,1511.4,283.35,649.45,410.25,83.3,1373.45,43.15,371.15,73.6
2229.45,1491.8,289.75,663.2,417.3,84.5,1400.85,44.3,388.85,76.55
2227.7,1498.95,290.9,675.65,418.95,85.3,1439.1,45.75,396.9,79.45
2206.85,1496.35,286.85,685,423.4,85.7,1442.5,45.45,400.35,76.65
2220.6,1505.1,283.7,672.35,416.9,84.75,1404.85,44.9,390.1,71.2
2225.85,1505.75,277.4,664.7,412.05,82.2,1367.2,43.45,372.25,65.4
2174.1,1478.25,268.55,661.15,399.1,80.4,1335.65,43,349.35,56.3
2162.7,1470.2,271.1,663.9,395.4,80.7,1310.5,43.5,354.2,59.25
2256.15,1512.8,280.2,683.7,411.65,83,1348.5,43.3,375.75,62.9
2259.95,1501.55,285.7,682.95,418.6,84.05,1386.1,43.25,356.75,64.5
2247.5,1483.65,284.9,678.2,412.95,81.85,1365.85,42.15,313.85,59.5
2226.95,1450.85,274.5,661.15,404.4,80.4,1350.55,43,319.2,57.4
2227.95,1431.45,273.85,663.9,409.65,82.9,1395.75,43.55,327.2,59.95
2210.95,1414.3,268.4,645.7,392.15,81.4,1343.95,43,315.4,58.75
2247.75,1426.45,275.1,647.3,397.5,81.95,1317.6,42.7,324.9,59.45
2235.15,1410.15,273.3,649.6,389,81,1308.1,42.9,321.9,61.95
2245.9,1441.55,273.95,671.1,391.35,83.15,1331.1,42.95,336.45,60.4
2249.6,1471.3,278,671.55,395.45,86.25,1335,43.15,360.4,63.1
2251.3,1475.2,285.25,681.7,394.6,85.7,1372.15,43.85,378.25,71.6
2270.85,1457.55,287.05,662.9,402.7,85.75,1390.25,43.15,367.05,67.95
2257.45,1484.25,291.7,674.25,413.4,87.15,1398.6,42.3,371.15,68.55
2244.15,1474.95,284.7,670.9,412.15,85.5,1375.95,42.6,359.8,67.05
2211.35,1448.3,273.95,640.45,400.65,83.75,1332.6,41.7,351.35,65.1
2187.75,1464.75,280.4,648.4,399.35,84.55,1330.4,41.5,348.9,64.1
1101.05,1452.6,274.05,638.2,386.6,83.45,1282.25,40.6,332.1,54.1
1199.6,1538.85,301.7,680.35,417.5,94.8,1419.6,43.1,382.95,55.5
1257.25,1640.6,313.75,725.5,446.3,95.9,1511.55,43.3,398.35,55.45
1253.8,1618.1,302.6,704.4,440.9,94.3,1516.3,42.8,401,56.05
1239.7,1601.6,280.25,694.95,434.2,92.1,1503.9,42.95,383.7,53.7
1242.5,1626.85,281.85,699.9,451.95,93.6,1548,43.6,384.25,51.05
1244.2,1643.5,281.2,700.6,449.2,93.6,1480.8,42.5,366.25,48.75
1227.45,1644.45,270.8,685,433.7,90.4,1383.55,40.2,328.85,41.4
1248.8,1648.2,255.95,679.15,424.6,87.75,1298.05,38.65,299.35,32
1223.55,1615.75,254.15,668.4,427.3,88.8,1255.5,37.15,312,42.5
1189.7,1563.15,249.95,656.4,413.9,85.75,1265.3,38.05,302.8,42.15
1186.9,1555.65,249.1,673.45,416.1,84.9,1241.05,37.45,302.65,45.65
1228.15,1612.35,260.95,686.3,436.7,85.9,1308.65,38.4,309.6,43.25
1200.55,1584.8,254.15,672.95,423.7,84.3,1228.5,36.95,288.5,40.95
1198.8,1587.75,254.55,672.7,428.55,84.15,1223.2,37.45,266.45,39.6
1204.4,1585.5,255.45,683.5,428.85,83.25,1250.6,37.75,258.9,40.1
1223.05,1615.6,258.45,690.05,431.85,84.95,1272.25,38.45,264.05,40.6
1221.1,1605.55,256.05,693.4,435.3,82.25,1274.5,39.2,258.45,41.05
1220,1604.55,265.45,710.3,440.6,84.35,1340.1,39.95,290.2,47.4
1229,1615.25,269.65,709.55,437.8,84,1342.65,39.7,295.25,51.4
1239.3,1628.85,270.5,712.75,451.15,83.55,1341,39.8,286.95,51.8
1241.6,1613.65,275.45,714.85,455.1,83.3,1332.6,39.65,259.15,51.2
1236.1,1613.2,262.5,707.7,454.75,81,1283,38.85,251.7,48.3
1229,1588.6,281.55,708.6,469.1,80.25,1272.05,40.65,260.35,52.15
1237.7,1593,281.8,710.1,469.55,80.85,1276.65,41.65,259.25,54.75
1242.5,1575.55,280.65,738.45,477.4,82.1,1315.3,41.75,276.4,58.15
1248.35,1578.9,289.9,747.4,471.15,82.05,1297.2,42.5,288.45,56.8
1230.35,1574.5,312.4,736.35,463.05,83.8,1313.2,44.65,310.1,70.4
1240.05,1579.9,313.55,748.3,462.25,86.05,1379.85,43.9,310.45,66.6
1236.85,1571.05,314.3,742.6,470.5,88.4,1352.3,43.7,309.65,66.15
1239.5,1553.9,319.2,738.05,468.35,84.4,1320.1,43.05,299.1,68.3
1256.65,1571.05,317.55,747.25,480.7,84.5,1343,42.5,304.7,68.7
1263.7,1584,318.15,734.75,478.55,83.95,1381.9,42.45,308.45,66.45
1255.6,1600.25,316,725.5,489.45,82.15,1422.8,42.15,323.9,68.95
1264.75,1616.9,318.25,733.7,496.8,83.15,1445.05,42.55,343.6,73
1257.55,1605.8,306.8,711.2,485.75,82.55,1414.2,41.85,332.6,68.2
1273.9,1597.6,306,715.9,498.65,84.5,1375.1,41.7,318,68.75
1277.9,1622.75,321.9,716.9,499.85,84.3,1359,42.25,317.9,68.7
1262.05,1627.2,325.1,722.95,498.35,86.9,1374.4,42.5,323.65,65.85
1271.9,1623.8,330.4,747.8,493.5,87.85,1392.75,42.8,322.75,64.15
1273.35,1599.45,328.8,748.75,495,88.65,1469.3,43.15,344.65,65.85
1283.35,1595.25,331.35,737.4,498.25,87.85,1446.15,43.1,334.9,64.25
1264.75,1569.1,329.3,732.1,496.8,87.8,1446.15,43,359.3,64.8
1271.1,1603.65,336.1,754.75,497.8,89.5,1496.85,43.55,360.8,63.75
1275.05,1604.4,335.5,752.25,510.7,87.65,1515.9,43.15,347.2,63.15
1278.4,1617.9,343.55,752.9,505.5,87.45,1526.35,43.55,367.55,68.25
1265.3,1615,349.3,750.6,519.15,90.9,1568.25,44.3,381,70.05
1274.95,1615.2,341.85,739.05,512.6,88.9,1569.1,46.85,374.15,68.3
1265.75,1633,338.5,744.3,510.9,87.25,1576,46.75,373.4,64.05
1255.4,1646.75,336.25,733.4,509.35,86.1,1544.7,45.15,365.95,59.5
1251.65,1651.25,341.85,739.85,529.25,87.9,1544.3,45.8,372.9,63
1245.6,1649.3,336.2,729.25,528.1,86.75,1509.75,44.6,365.5,62.1
1246.05,1674.3,320,717.6,524.8,84.15,1465.85,43.3,338.55,56
1242.95,1659.25,316.7,732,526.5,84.25,1450,42.7,335.15,56.25
1249.5,1662.4,313.4,715.7,528.7,83.6,1411.6,42.1,320.75,50.55
1248.75,1686.55,312.8,716.55,533.55,84.15,1420.65,42.95,324.45,42.8
1263.6,1715.6,321.85,722.1,535.35,85.3,1444.15,43.2,334.55,45.35
1263.85,1692.75,332.55,752,537.05,86.95,1485.4,43.65,345.4,46.65
1257.35,1703.95,331.85,747.25,539.25,86,1493.4,43.05,336.25,46.8
1271.1,1713.3,332.9,745.65,541.15,85.95,1492.75,42.8,340.65,47.6
1292.35,1724.35,326.95,741.85,541.4,86,1500.8,42.6,342.4,46.75
1288.8,1729.5,328.15,742.55,540.2,86.7,1489.9,43.75,342.35,49.9
1296.7,1692.7,337.85,739.85,546.1,87.5,1487.95,43.4,342.8,51.4
1302.4,1704.9,332.4,743.15,541.3,85.9,1496.3,43.05,334,49.65
1289.15,1711.55,331.45,740.65,541.1,85.65,1521.85,43.55,334.1,51.2
1270.45,1694.25,329.85,736.5,538.75,85.65,1515.4,43.6,332.6,48.65
1275,1685.6,337.25,760.15,549.4,88.2,1524.9,44.7,336.55,48
1282.15,1690.4,334.4,754.1,543.95,87.55,1531.4,44.95,345,47.35
1272.1,1684.35,333.75,754.1,538.9,87.95,1510,45.15,344.85,46.95
1278.6,1674.05,334.45,748.7,536.75,88.75,1484.3,45.8,347.95,46.65
1286.75,1671.55,339.3,756.95,540.6,92.25,1529,46.15,369.55,47.35
1268.4,1657.1,333.7,742.95,538.85,90.95,1528.85,45.45,357.6,47.1
1240.95,1652.55,319,723.25,525.7,87.1,1469.4,43.65,336.85,45.15
1260.6,1670.85,318.4,725.75,522.9,87.35,1461.65,43.5,344,45.05
1257.3,1654.85,319.8,724.5,525.95,86.95,1458.6,43.1,346,46.05
1271.4,1665.05,330.2,742.85,546.3,89.65,1507.65,44.35,355.35,47.3
1282.7,1684.7,332.25,740.05,540.25,88.8,1491.25,43.95,348.25,44.75
1286,1691.1,330.75,737.4,538.6,90.05,1539.65,44.3,358.25,42.1
1289.5,1676.8,328,747.9,537.6,91.2,1481.65,44.6,356.6,38.55
1284.25,1675.6,324.25,746.3,535.6,91.05,1400.5,45,350.45,39.75
1287.65,1701.55,323.3,737.3,537.15,92.95,1386.45,45,346.3,39.95
1278.15,1698.1,318,739.9,532.05,91.6,1352.25,43.5,343.8,39.25
1254.9,1617.9,314,727.2,534.85,93.75,1331.95,43.05,328.15,38.65
1244.35,1625.1,313.7,717.6,531.05,94.6,1336.35,43.2,341.3,38.35
1240.85,1585.5,316.15,712.6,522.85,93.75,1327.4,43.35,339.2,38.45
1244.85,1605.85,323.2,723,527.7,94.5,1331.8,43.6,339.45,40.95
1244.55,1642.95,324.05,737.4,533.85,96,1316.1,44,329.7,42.8
1213.2,1618.35,316.2,740.25,537.25,95.65,1271.2,43.75,336.2,42.4
1223.2,1626.05,315.1,737.15,528.2,95.3,1254.75,43.3,339.5,41.65
1235.85,1640.45,316.45,735.25,526.6,94.85,1258.25,44.05,335.35,41.2
1226.05,1628.25,310.7,730.9,532.2,93,1231.5,40.75,322.35,39.05
1226.3,1691.75,318.45,729.3,525.65,91.35,1258.85,40.7,318.3,39.25
1198.7,1647.95,302.6,705.45,504.6,88.25,1211.1,39.15,302,37.9
1192.8,1676.25,298.1,708.95,515.55,88.4,1263.1,39.2,312.5,36
1229.8,1698.3,306.25,715,530.8,89.75,1272.65,40.55,318.85,34.95
1244.65,1689.75,311,724.05,539.1,90.85,1272.8,41.05,317.75,37.6
1239.8,1674,321.95,736.95,541.6,92.5,1334.25,42.05,332.1,38.55
1242.2,1653.05,320.55,748.15,536.45,91.25,1298.8,42,339.8,38.7
1240.3,1669.3,318.5,741.1,533.95,90.05,1274.95,41.25,331.75,37.55
1240.6,1677.45,324.35,749.95,539.75,90.45,1292.65,41.5,340.15,36.85
1249,1714.9,320.2,755.25,549.3,90.4,1277.4,40.95,332.35,35.2
1241.4,1689.8,327.45,747.8,541,89.2,1230.75,40.9,325.75,37.2
1219.35,1680.95,319.4,736.5,545.8,87.15,1176,39.6,316.55,38.9
1217.15,1691.1,314.2,738.4,541.6,84.45,1172.95,38.9,306.6,37.15
1213.25,1691,317.55,733.65,541.2,81.85,1140.7,38.45,302.05,35.05
1227.2,1701.1,320.35,741.05,544.8,84.45,1142.15,39.9,306.55,35.3
1217.1,1685.95,327.65,744.3,547,87.5,1182.2,40.3,308.8,35.45
1209.95,1678.25,322.95,725.45,529.85,86.65,1170.25,39.3,301.45,34.95
1200.3,1675.8,326.8,728.75,530.95,86.4,1153.85,39.35,309.3,35.15
1199.25,1666.5,328.2,729.4,523.7,85.05,1135,38.95,314.5,36.55
1199.45,1682.75,321.95,735.85,515.35,88.85,1115.55,38.6,309.6,36.8
1177.65,1620.35,303,697.3,497.25,85.9,1104.05,36.8,290.9,34.6
1179.6,1599,287.4,684.2,506.1,82.8,1079.25,37.45,283.2,31.55
1181.8,1626.3,289.85,687.15,514.75,84.5,1108.05,37.8,292.1,31.2
1148.85,1607.95,285.3,682.2,508.35,83.45,1065.95,37.4,295.85,29.3
1151.35,1651.35,288.5,677.9,504.5,83.2,1075,37.75,301.4,36.8
1134.9,1631.05,270.5,657.65,486.35,80.05,1014.8,36.25,258.9,16.15
1107.3,1578.15,253.45,623.55,457.75,72.85,903.1,33.05,208.2,21.25
1113.8,1589.3,245.1,619.35,465.65,71.35,853.55,33.3,226.55,28.8
1021.3,1465.05,212.6,543.25,425.65,63.1,784.65,27.55,207.15,25.05
1069.8,1470.05,242,568.8,447.2,68.5,803.75,29.75,206.6,25.55
999.5,1383.7,223.35,508.6,402.9,63.1,664.15,26.6,162.85,37.1
975.1,1322.7,215.15,488.35,367.25,58.3,604.15,25.25,164.55,58.65
876.9,1171.95,215.2,473.45,355.05,54.25,460.8,23.85,166.95,60.45
895.55,1210.85,203.65,428.25,338.55,52.4,444.05,20.6,176.85,53.85
882.85,1262.35,209.85,428.15,345.7,52.9,440.35,20.6,171.85,45.85
771.55,1098.25,181.6,308.65,284,40.1,336.45,18.15,141.1,39.75
767.7,1152.9,183.2,303.15,296.5,37.8,312.35,19.1,154.9,35
856.75,1290.15,189.9,326.8,316.9,38.3,301.3,20.45,161.3,29.6
901.1,1372.95,192.75,341.4,330.25,41.8,435.9,21.75,165.1,26.6
904.45,1399.1,195.95,359.75,339.85,44.45,411.1,22.4,160.25,26.35
831.65,1293.7,186.9,368.15,313.4,40.7,413.4,21,150.1,24.9
861.9,1296.05,196.85,379,323.75,41.05,351.3,21.1,135.5,22.45
829.65,1181.65,186.55,358.65,311.15,41.3,342.25,20.6,131.3,23.95
813.85,1140.85,175.5,325.45,286.65,39.9,313.2,19.65,110.95,24.1
896.1,1198.05,186.4,388.85,326.1,42.7,383.85,20.45,116.2,24.55
888.9,1187.65,183,391.35,318.95,40.85,399.15,20.55,121.1,24.75
925.05,1272.9,187.75,420.15,342.7,40.95,395.4,22.05,120.85,24.9
895.35,1250.9,183.5,418.95,330.65,40.65,410.4,22.2,117.6,24.1
863.3,1173.75,182.35,417.3,327.35,41.4,424.1,22.6,120.5,24.5
879.75,1130.85,188.5,422.55,342,42.2,435.4,24.15,124.05,24.6
910.3,1186.25,193.25,478.8,375.55,46,474.45,26.4,128,25.1
944.85,1177.75,192.5,455.95,361.3,46.05,456.7,24.85,119.6,29.45
921.65,1130.15,184.75,420.65,331.85,43.35,400.85,23.7,109.15,29.65
928.6,1152.15,188.7,431.15,335.95,44.05,415.9,23.95,105.15,29.6
954.95,1249.65,186.7,430.05,352.95,45,409.95,23.7,106.4,28.3
938.05,1239.55,179.75,403.95,334.85,43.1,382.9,22.2,107.15,26.6
929.7,1303.6,180.9,427.3,347.9,44.5,407.4,22.1,116.7,27.05
931.4,1326.65,184.3,455.45,359.85,46.75,468.05,22.25,126.25,27.25
977.1,1327.85,190.1,439.1,370.45,46.5,471.1,22,125.85,28.05
1001.8,1357.2,190.5,444.9,380.15,48.8,468.15,21.9,132.15,27.9
923,1277.8,178.85,402.8,338.05,44.05,423.05,20.6,121.05,27.05
911.45,1238.35,170.4,389,330.85,42.95,418.7,20.65,122.8,26.6
946.4,1245.95,171.1,388.85,341.4,43.8,425.5,20.95,132.1,26.3
925,1199.8,170.75,397.35,336.75,43.15,454.35,20.75,128.85,28.1
929.05,1217.45,166.65,382.05,337.7,42.65,440.35,20.3,119.35,27.05
915.8,1188.45,165.45,379.55,320.15,43.1,433.4,20.4,117.1,27.8
901.55,1157.2,166.9,386.85,321.2,41.45,446.2,20.2,116.75,27.95
927.65,1186.7,174.1,414,338.05,43.15,448.6,21.85,121.5,28.65
893.7,1173.1,167.95,401.95,327.4,45.4,428,20.9,124.25,28.2
888.15,1178.3,166.4,388.55,322.7,43.75,418.7,20.85,120.9,28.7
836.65,1113.65,155.3,358.8,298.5,39.6,376.75,19.85,109.4,27.55
830.65,1130.45,152.8,354.5,300.3,38.25,367.8,19.6,109.85,27.4
857.1,1160.1,153.4,362.5,305.65,39.1,357.3,19.25,112.45,27.15
859.55,1150.25,151.95,357.2,304.4,39.3,346.8,18.85,112,26.9
838.85,1160.2,150.85,336.95,291.05,37.35,338.35,18.85,107.25,26.55
852.4,1153.2,151.4,341.3,292.7,38.45,348.2,19.85,110.55,27.4
903.65,1217.55,158.6,387,318.85,40.95,368.95,20.4,118.15,27.6
945.25,1229.45,158.2,390.95,326.85,42.8,386.85,20.25,116.65,27
951.65,1224,161.3,384.95,331.95,44.9,393.65,22.1,120.5,26.85
987.65,1248.4,170.05,396.95,339.25,46.65,410.1,23.65,129.85,27.15
1001,1342.9,170.25,410.1,348.4,47.6,434.7,23.85,127.15,27.15
1022.25,1386.55,174.9,409.55,356.85,47.1,432.35,23.7,130.75,27.95
1001.7,1334.4,174.05,394.35,347.85,45.65,415.05,22.9,122.4,27.95
1033.35,1337.8,187.8,405.3,357.2,47.35,422.35,24.25,126.25,28.85
1015.9,1336.75,186.8,430.25,359.8,48.15,451.6,25.75,132.5,30.6
987.3,1304.15,184.45,420.05,348.55,48.45,463.9,25.05,140.55,29.85
991.85,1332.25,187.7,427.45,353,49.8,499.6,25.75,164.2,30.4
968.6,1298.7,177.15,413.45,341.25,48,523.15,24.9,160.55,29.8
982.75,1279.8,179.15,408,344.2,48.85,528.45,25.85,168.6,29.5
949.85,1248.9,173.7,389.6,331.1,46.55,490.55,25.25,161.35,29
990.4,1276.8,172.9,381.55,342.95,46.8,481.8,24.9,161.35,28.4
979.25,1243.8,172.95,389.6,341.95,46.7,491.15,25.45,162.35,27.65
1019.95,1303.35,179.65,405.4,352,48.2,499.2,25.6,164.8,28
1033.35,1302.5,184.5,417.05,363.8,50.95,483.65,25.85,168.9,28
1028.75,1355.35,187.7,430.15,367.55,54.3,489.9,28.25,182.3,27.75
1042.3,1389.9,192.45,443.65,376.15,56.45,520.4,28.4,187,27.55
1032.5,1343.9,184.6,424.65,348.1,53.25,481.7,27.55,185.75,27.05
1028.75,1381.7,185.25,421.7,351,52.2,475.15,27,189.9,27
1056.45,1340.1,184.6,424.85,349.1,53.45,492.55,26.8,190.65,26.75
1076.05,1355.65,179.25,404.8,343.1,51.55,480,25.95,179.65,26.1
1065.85,1360.45,178.45,406.65,351.45,51,474.8,25.7,173.5,25.6
1084.6,1356.75,184.8,433.25,364.05,53.2,492.45,26.35,173.95,26.9
1089.4,1352,185.45,423.2,362.85,53.55,494.8,26.8,177.65,26.25
1073.95,1353.8,184.7,428.45,361,53,487.2,26.75,173.6,26.15
1103,1367.9,188.05,434,361.85,53.65,495.9,27.2,178.05,26.05
1105.15,1368.25,188.6,447.35,376.05,55.95,526.3,28.25,186.95,25.75
1110.35,1352.75,191.9,444.15,368.95,54.4,552.6,27.9,186.6,26.05
1124.95,1368.15,199.1,453.75,370.35,55.2,556.55,28.05,188.15,26.65
1105.1,1349.35,195.6,439.6,360.35,54.2,539.25,27.1,181.05,25.55
1080.25,1335.55,192.7,440.05,353.6,53.05,539.65,26.9,177.9,22.05
1058.85,1298.3,186.05,417.7,345.55,51.1,510.8,25.9,165,20.95
1053.15,1290,183.8,426.65,345.8,49.8,503.55,25.25,164.65,20.45
1062.55,1322.65,186.25,434,344.65,52,518.6,25.6,166.9,19.2
1098.45,1327.45,188.2,433.1,353.8,52.05,520.8,26.55,169.55,19.8
1133.05,1319.05,190.75,434,363,53.7,528.75,27.3,174.7,19.45
1138.55,1359,194.4,446.2,378.8,54.45,523.5,27.1,176.5,19.3
1126.35,1342.35,192,478.95,381.1,56.7,513.55,27,174.2,18.25
1130.4,1374.05,198.25,460.85,392.25,57.1,513.9,27.3,177.15,14.75
1119.1,1350,191.95,445.6,381.8,57.55,522.25,28.45,182.9,13.65
1079.5,1322.6,187.15,431.55,358.5,55.9,506.65,27.35,178.8,12.3
1086.65,1384.05,189.45,437.05,352.1,55.55,526.95,27.85,181.9,11.9
1064.6,1389.45,191.2,440.9,351.05,55.8,550.5,28.2,176.65,11.7
1050.65,1385,186.55,425.85,344.95,54.15,519.85,27,169,11.95
1032.8,1365.75,191.45,431.65,346.8,53.9,523.75,26.6,169.55,11.95
1002,1308.55,192.25,417.35,343.25,52.45,503.05,26.1,162.95,12
1041.65,1323.95,191.6,429.15,351,52.3,492.6,26.8,168.8,12.25
1027.55,1334.2,191.45,434.95,352.2,52.35,492.75,26.95,174.95,12.85
1040.7,1340.1,190.95,433,358.75,52.45,494.9,26.95,174.15,13.45
1043.85,1342.5,190.65,433.3,357.95,54.65,509,28.4,191.3,14.1
1050.65,1360.2,193.8,431.1,363.55,53.85,509.35,28.4,181,14.8
1066.65,1364.6,195.05,448,367.35,54.3,522,30.3,185.2,15.5
1063.7,1335.1,203.3,451.1,366.85,54,520.65,31.05,187.8,16.25
1059.05,1336.25,201.9,448.1,368.05,54,518.75,31.35,184.95,15.85
1034.45,1307.45,196.5,435.85,361.4,52.6,507.2,30.25,177.2,15.1
1032.75,1327.55,193.1,438.15,360.2,52.85,513.15,29.5,183.5,14.35
1056.5,1369.35,195.1,445.8,369.55,53.5,521.6,31.3,182.4,15.05
1066.6,1355.6,197.05,444.2,374.45,54.9,522.15,31.15,184.8,15.8
1059,1338.35,194.75,434.95,367.75,54.6,513.4,30.95,182.15,15.75
1085.65,1339.4,198.4,440.45,371.15,55.9,513.55,30.9,184.15,15.55
1117.05,1387.25,201.45,445.8,380.35,56.7,529.15,32.15,184.45,14.8
1119.7,1400.1,207.95,451.8,386.35,56.4,536.5,31.95,188.95,14.75
1118.45,1436.7,209.85,463.35,389.35,56.7,567.65,32.45,200.4,14.65
1112.1,1420,215.65,473.05,392.2,56.1,605.85,31.9,202.8,14.7
1114.5,1467.1,224.85,509.2,409.7,60.45,665.65,33.65,210.5,15
1115.85,1401.35,212,496.75,394.6,55.3,630.2,32,195.95,14.35
1127.3,1430.65,218.1,485.7,390.95,54.65,627.45,31.4,191.85,14.65
1134.15,1423.5,216.25,484.4,392.4,55.9,640.55,31.75,197.05,14.4
1130.9,1396.7,213.15,474.95,382.75,55.7,631.85,31.75,192.8,14.6
1119.3,1380.05,206.6,455.2,372.55,53.85,616.15,31.7,188.8,14.25
1110.5,1368.75,207.9,458.7,373.4,52.85,608.7,31.7,186.75,14.1
1112.45,1350.7,204.05,444.35,375.7,52.1,600.4,30.3,179.8,13.95
1096.5,1326.15,194.85,431.25,367.6,51.3,604.6,29.4,175.6,13.65
1090.55,1319.5,198.15,446.85,370.7,51.25,620.45,30.65,180.5,13.9
1078.65,1330.35,202.7,447.2,370.5,51.8,610.35,31.05,182.65,14.55
1057.95,1304.7,198.5,440.55,363.7,53.35,609.35,31.05,181.05,14.75
1070.5,1323.95,200.15,449.55,371.55,54.25,633.4,32.15,183.95,14.55
1093.65,1325.4,198.2,446,374.7,53.55,621.65,32.1,185.7,14.25
1083.6,1305.1,195.45,442.9,369,52.65,617.35,31.95,183.65,14.1
1057.3,1277.1,192.6,443.35,369.55,51.9,613.2,31.1,180.65,14
1049.3,1287.85,185.8,423.35,350.7,49.8,560.6,29.45,169.2,13.55
1035.4,1270.55,186.2,412,354.4,48.85,544,28.7,166.2,13.2
1047.25,1275.4,183.8,419.75,351.85,48.45,528.05,28.45,166.35,13.15
1030.4,1246.1,176.35,402.45,335.7,45.75,490.25,27,157.8,12.95
1044,1253.05,182.2,415.05,348.65,47.7,514.85,29.35,164.95,13.35
1054.2,1278.7,187.25,439.25,363,50.5,555.1,30.4,173.65,13.55
1062.55,1263.25,185.05,426.85,357.05,49.2,536.25,30.05,170,13.35
1078.6,1268.2,185.4,424.65,354.75,48.6,527.4,29.95,169.9,13.15
1106.95,1305.05,190.3,443.7,369.2,50.5,592.2,30.35,177.85,13.3
1114.35,1314.6,188.75,444.15,373.1,50.8,601.55,30.2,175.3,13.35
1144.1,1338.25,191.6,449.65,380.6,51.75,622.8,31.15,180.8,13.3
1162.25,1324.7,190.7,453.1,382.65,51.45,619.1,31.6,177.1,13.15
1191.8,1320.1,191.5,451.9,387.5,52.2,617.7,31.5,173.85,13.1
1233.55,1319.85,198.3,468.05,401.5,52.95,623.05,31.95,180.05,13.15
1213.65,1312.9,198.7,468,404.05,52.5,614.45,31.15,174.95,13
1198.45,1344.95,195.7,461.35,396.25,52.45,608.2,31.4,169.75,12.95
1211.5,1353.35,200.05,471.3,406.8,52.9,622.65,31.25,172.9,12.9
1169.25,1309.55,192.85,462.6,391,51.75,598,30.05,167,12.65
1199.35,1336.55,195.95,472.4,396.1,52.2,608.3,30.7,172,12.65
1203.55,1376.7,204,492.95,417.1,56.2,627.1,31.75,178.85,12.9
1223.95,1368.8,203.05,493.95,414.6,56.85,625.25,31.6,179.45,12.9
1246.7,1393.3,203.75,501.45,420.3,57,628.1,31.25,180.45,12.95
1233.3,1393.05,203.3,510.3,412.9,56.5,608.75,31.75,181.15,12.7
1235.8,1383.05,202.8,507.2,416.95,56,608.15,31.45,177.85,13.3
1210.9,1416.9,196.7,493.35,404.45,54.15,616.65,30.6,175.5,13.15
1233.1,1587.65,194.65,508.1,409.95,54.05,614,31.1,175.15,12.85
1209.6,1551.35,190.45,504.7,396.05,52.15,592.85,30.9,175.35,12.5
1187.2,1570.9,188.7,493.85,399.9,51,588.7,30.55,174.75,12.4
1183.55,1547.4,189.25,492.5,392.6,50.45,585.7,30.6,174.35,12.4
1215.25,1580.7,196.05,522.65,417.45,51.65,628.35,30.25,179.7,12.25
1247.95,1593.6,204.75,534.15,443.85,53.5,646.6,30.5,184.5,12.25
1257.4,1630.7,207,525.15,437.05,52.7,678.05,30.6,184.85,12.25
1269.2,1675.45,218.65,539.3,438.5,54.15,714.4,31.15,185.8,12.3
1307.65,1718.05,219.2,541.75,442.8,54.75,738.65,31.65,193.25,12.3
1340.55,1728.15,219.5,565.05,462.7,55.7,775.45,32.95,197,12.9
1393.65,1752.95,231.7,583.6,483.85,58.65,835.2,34.3,209.5,13.5
1389.95,1807.85,234.2,608.65,486.55,57.45,787.95,33.25,205.65,14.15
1371.7,1754.75,226.8,599.7,476.7,56.3,769.2,32.95,202.5,14.35
1358.8,1763.3,229.45,610.35,485.55,56.65,768.55,33.05,205.6,14.55
1369.7,1770.55,229.65,613.15,486.9,56.6,770.45,33.7,207.25,14.55
1408.45,1796.65,240.2,628.8,486.4,58.05,784.15,33.6,212.3,14.65
1408.7,1830.6,252,636.3,497.65,61.9,828.3,34.3,221.25,14.7
1374.35,1826.35,239.75,611.5,478.75,58.6,818,33.4,212,14.25
1403.65,1889.4,242.75,607.85,480.2,58.45,811,33.6,211.6,14.55
1394.6,1897.85,238.7,595.6,468.25,58.3,849.75,36.85,212.65,14.55
1438.2,1924.9,243.85,619.65,478.2,58.5,853.7,36.9,226.4,14.7
1402.8,1862.45,243,599.85,472.7,59.2,855.05,35.8,226.6,14.15
1426.65,1889.1,245.45,612.55,475.3,59.85,850.55,35.8,222.4,14.1
1440.85,1907.1,244.25,601.6,473.35,62.8,857.65,36.75,223.8,14.7
1433.3,1875.85,248.05,603.65,485.1,65.6,895.5,37.1,225.7,15.4
1406.95,1814.2,246.95,608.1,480.45,65.05,897.3,36.8,225.75,15.45
1377.2,1821,256.3,602.7,481.85,65.6,896.25,36.95,231.8,15.45
1385.6,1846.25,263.5,614.5,502.05,66,913.65,37.1,237.2,15.35
1372.25,1820.55,269.6,619.25,510.45,66.35,935.15,36.75,242.95,15.75
1376.3,1833.8,271.9,620.65,508.4,65.5,916.7,37.05,237.3,17.3
1407.2,1883.55,270.35,634.2,511.5,66.6,928.5,38.65,236.8,19
1385.85,1903.3,269.55,627.05,506.95,65.5,915.85,37.6,234.7,20.45
1382.8,1920.4,272.45,613.25,515.45,66.25,923.75,37.45,235.55,19.45
1372.15,1939.35,274.2,615.9,525.8,68.4,921.25,37.75,234.85,18.5
1391.3,1951.15,270.65,607.1,518.05,67.4,926.75,37.75,237.1,18.3
1410.7,1952.55,269.4,606.1,512.45,67.75,921.8,37.75,241.8,18.85
1441.8,1965.45,267.7,605.4,510.4,67.1,935.8,37.4,236.8,18.25
1411.35,1949.35,271.45,609.5,517.15,66.35,905.2,36.95,227.65,18.9
1372.65,1920.85,254.7,582.5,494.5,60.4,842.7,34.25,206.55,18
1373.1,1902.95,257.45,589.75,500.3,61.8,840.7,34.6,208.45,17.3
1375.65,1920.75,263,592.45,503.6,64.25,855.35,35.9,221.2,17.6
1397.1,1960.6,266.85,610.2,513.55,65.2,852.8,35.9,220.35,17.55
1412.85,1988.9,275.2,617.65,520.1,67.4,866.95,36.95,229.1,17.8
1427.2,1999.3,277.9,630.2,528.8,67.4,912.9,36.7,232.8,17.75
1432.5,2017.95,276.9,625.1,528.75,67.25,899.05,36.65,232.5,17.75
1436.3,1995.6,274.95,620.45,535.05,66.7,894.95,37.05,231.05,17.85
1425.05,1994.05,279.4,623.8,527.5,68.05,900.15,37.4,231.05,18
1416,1965.55,281.05,624.7,531.7,70.55,897.85,38.6,239.6,18
1426.7,1959.75,281.75,664.45,537.25,72.3,921.65,39.7,250.85,18
1420.55,1970.4,285.05,654.25,546.7,72.7,922.35,41.4,264.2,18
1416.25,1952.4,287.7,671.1,541.1,75.65,952.05,45.8,269.3,18
1431.65,1970.7,286,672.7,542.05,75.75,939.8,44.4,265.05,18.05
1451.45,1938.15,282.5,666.95,544.7,74.8,929.1,44.45,255.95,17.95
1481,1903.45,292.5,675.7,548,76.2,927.65,47.15,257.5,18.05
1470.65,1882.1,306.8,687.8,556.5,74.8,942.75,46.05,254.4,17.8
1468.75,1892.65,307.25,676,553.3,75.05,969.7,46.25,254.2,17.85
1466.65,1863.9,303.85,674.85,543,73.35,965.9,48.45,253.9,17.6
1483.1,1846.95,294.45,657,533.15,71.6,932.8,46.65,244.4,17.7
1503.85,1887,298.6,668.75,546.45,75.4,939.9,50.15,254.25,17.9
1492,1883.6,302.55,675.75,551,77.3,947.7,51.45,253.75,17.65
1474.8,1857.8,294.85,675.85,552.7,76.25,925.85,49.7,250.55,17.25
1443.55,1828,283.7,644.5,533.8,73.3,893.3,49.5,232.8,17
1462.85,1794.4,280.95,658.4,538.05,71.25,849.15,48.05,222.75,16.35
1409.6,1764.7,275.65,632.1,522.35,69.8,820.15,47.8,218.65,15.75
1371.45,1722.85,282.35,670.7,528.25,71.6,802.6,47.9,215.05,15.05
1390.5,1712.95,282.1,662.9,537,72.3,846.1,47.2,213.8,15.75
1476.75,1801.5,310.7,709.35,603.8,77.2,970.6,46.6,236.85,16.4
1560.55,1861.3,333.1,714.2,617.35,80.25,975.65,47.7,242.4,16.55
1574.8,1852.2,335.95,733.8,622.35,81.6,1048.55,47.65,256.55,16.25
1579.1,1910.4,355.1,743.9,628.3,85.55,1032.15,49.05,257.3,16.2
1597.6,1982.7,393.1,719.6,614.15,83.2,1025.1,48.3,251.1,16.9
1605.25,1957.15,397.05,736.15,629.6,82.85,1035.1,49.15,247.4,17.05
1611.85,1949.15,394.8,742.5,633.35,82.95,1025.8,50,246.35,16.65
1581.75,1952.05,392.25,734.8,632.15,82.85,1022.8,50.55,243.05,16.4
1572.35,1961,390.15,740.1,630.65,83.4,1021.9,52.55,243.8,16.5
1581.95,1951.05,393.15,750.4,647.6,83.15,1027.4,52.1,241.45,16.4
1616.6,1985.95,406.95,794,673.95,85.2,1057.6,54.1,254,16.25
1626.65,2019.65,402.35,775.05,658.35,85.4,1058.25,53.85,258.5,16.05
1586.5,1989.45,411.75,777.75,657.35,86.7,1033.2,56.4,253.15,15.9
1554.3,1945.45,415.2,777,644.65,86.75,1046.05,58.1,250.15,16.15
1539.1,1938.75,399.55,749.65,624.05,83.45,1065.9,62.4,246.25,15.95
1548,1949.6,389.5,719.45,609.85,79.95,1022.9,61.5,236.5,15.6
1529.15,1872.95,395.6,715.95,616.3,81.25,1048.3,61.4,236.05,15.6
1606.45,1911.2,406.25,749.4,641.1,84.7,1070,63.8,246.55,16.1
1606.4,1895.5,407.25,770.65,628,86.25,1109.75,64.7,248.95,16.1
1534.4,1780.35,390.15,724.8,597.75,83.55,1062.95,63.45,235.6,15.75
1558.9,1845.4,394.95,728.55,608.35,83.05,1067.95,63.45,236.05,16.3
1568.2,1844.65,394.2,731.25,610.5,83.3,1073.35,64.5,236.75,16.3
1586.85,1899.5,405.05,753.95,632.1,88.1,1099.75,67.1,248.95,16.35
1552.05,1897.7,395.65,736.8,620.75,90.7,1091.95,68.2,249.35,16.6
1530,1922.5,383.65,730.75,609.45,87.35,1039.9,66.8,242.35,16.35
1519.5,1915.85,389.6,743.3,608.05,86.3,1018.25,67.25,244.3,16.25
1562.5,1978.95,387.6,745.45,625.1,85.25,1024.8,66.65,245.45,16.05
1555.75,1963.95,387.7,760.75,625.6,86.3,1039.85,66.85,241.9,16.05
1551.95,1935.15,381.1,750.6,612.85,85.25,1022.65,66.95,243.1,15.9
1528.65,1918.65,383.9,744.4,603.5,83.75,1038.65,65.25,238.25,15.65
1512.15,1903.2,378.55,737.75,594.95,83.6,1034.7,63.4,235.1,15.45
1495.35,1868.35,368.15,727.9,589.5,80.2,1008.95,60.9,223.4,15.1
1491,1830.4,367.1,718.75,578.6,77.75,1002.8,59.4,222.95,14.9
1497.5,1834.15,371.15,726.25,586.65,77.9,1011.9,60.35,228.55,14.95
1469.15,1822.65,367,716.2,573.45,77.15,968.15,59.45,225.25,14.85
1500.15,1812.65,372.7,730.55,586.4,78.2,990.05,61.35,226.8,14.9
1478.8,1782.45,359.85,706.4,567.5,75.65,958.7,58.75,215.9,14.65
1463.35,1762.9,355.2,694.6,571.55,76.3,957.8,57.2,210.05,14.2
1491.3,1771.05,357.2,698.2,578.55,76.75,952.75,57.7,211.1,14.05
1553.7,1781.25,360.8,695.35,591.45,75.8,961.05,58.25,208.05,16.3
1493.65,1753,364.3,697.45,582.1,75.8,954.45,55.7,207.55,15.6
1486.75,1804.55,370.65,713,594.4,78.85,993.3,57.05,216.2,15.7
1449.6,1759.2,353.55,685.25,571.25,76.4,937.35,54.3,206.25,15.5
1440.25,1768.3,350.55,677.9,565.9,76.85,927.25,55.3,212.1,15.6
1447.2,1792,358.55,688.25,577.65,79.05,945.55,57.8,216.2,15.6
1432.8,1783.25,355.6,681.6,576.7,77.8,934.9,57.45,213.25,15.55
1421.75,1799.25,353,668.2,566.2,77.7,923.65,55.8,211.05,15.45
1367.05,1742.5,328.85,635.6,538.55,71.2,844.4,50.55,188.65,14.45
1400.35,1775.85,341,661,560.6,77,877.4,54.05,193.65,14.7
1430.1,1773.25,342.7,668.85,575.2,75.85,858.35,52.45,189.7,14.55
1428.65,1764.1,339.9,669.2,566.95,76.4,862.95,53.65,187.75,14.6
1412.4,1700.75,331.15,648.15,559.75,71.95,832,50.7,175.6,14.2
1391.4,1697.7,329.5,651.75,559.1,72.1,845,50.65,174.55,14.05
1422.5,1736.05,336.65,658.7,579.2,71.75,835.7,51.2,176.35,14.05
1414.15,1734.2,336.45,671.35,569.95,72.05,850,51.1,178.2,14
1404.8,1759.65,344.3,700.45,591.1,73.95,859.55,52.25,184.2,14.05
1438.7,1750.3,353.05,699.55,598.75,75.15,882.45,53.35,186.55,14.75
1476.8,1811.45,363.4,708.15,621.35,77.85,926.9,54.65,193.65,14.8
1472.5,1805,359.4,719.4,621.45,77.55,939.45,54.8,190.3,14.5
1412.3,1748.8,353.5,714.9,600.5,80.1,934.95,54.7,185.75,14.55
1414.45,1725.45,350.6,702.75,596.75,79.85,913.6,54,181.2,13.9
1388.35,1732.65,351.5,700.35,591.55,79.45,910.15,55.75,181.75,13.85
1402.6,1770.75,355.4,717.2,602.8,80.05,931.15,56.2,184.2,13.85
1400.9,1788.25,355.55,715.75,608.2,78.6,924.95,56.85,185,13.55
1414.75,1780.35,358.25,716.75,607.1,77.65,926.2,56.75,186.3,13.35
1419.85,1809.35,361.7,715.25,613.25,79.55,945.4,55.35,187.55,13.1
1403.55,1755.45,364.65,707.35,609.85,81.8,948.85,56.25,186.2,13.15
1399.5,1718.85,367.7,691.3,594.75,81.6,916.65,55.2,187.85,13.3
1386.85,1706.65,360.45,685,597.3,79.65,890.85,54.2,187.7,13.2
1440.25,1744.15,383.1,709.25,623.6,81.55,956.45,55.8,197,13.35
1476.7,1755.1,382.25,711.65,633.2,84.35,974.55,56.05,199.2,13.35
1458.2,1730.55,384.4,716.8,625.45,84.4,967,55.55,199.95,13.3
1432.8,1708.2,384.55,705.9,618.6,83.45,975.5,55.15,204.25,13.25
1497.3,1757.65,401.2,730.9,642.45,85.15,1016,57.25,207.7,13.35
1509.95,1757,412.05,741.15,647.35,86.4,1004.75,59.25,210,13.85
1478.95,1750.5,412.35,731.55,650.3,86.85,993.9,58.95,206.1,13.6
1477.05,1740.65,413.55,735.1,652.5,87,998.45,57.8,207.85,13.45
1482.65,1777.25,425.2,750.35,652.25,88.05,1006.85,57.9,211.05,13.4
1503.45,1800.75,422.05,739.85,643.05,89,1019.35,59.15,216.25,13.35
1515.85,1807.7,424.35,750.7,662.75,87.25,1013,58.5,214.2,13.5
1511.7,1797,432.55,745.15,650.1,85.75,1010.05,57.55,211.3,13.35
1504,1783.1,437.25,737,648.35,87.6,1028,60.95,221.15,13.45
1520.55,1814.2,439.65,750.65,650.25,88,1005.75,60.65,218.85,13.5
1500.95,1811.2,433.6,742.05,642.7,87.85,1009.3,59.8,214.75,13.75
1499.85,1814.9,432.25,751.1,648.2,87.55,1025.2,60.4,216.7,15.05
1483.05,1793.55,427.2,746.35,642.4,86.2,1020.15,59.35,216.45,14.75
1480.3,1782.9,421.45,736.75,636.1,84.5,1003.55,59.7,213.75,14.2
1481.05,1799.55,432.25,744.25,640.4,86.45,1024.35,60.35,218.35,14.65
1486.35,1794.35,429.6,738.45,635.7,86.05,1015.1,60.05,218.25,14.4
1479.45,1768.05,430.35,736.25,635.15,85.3,1024.3,59.45,216.6,14.1
1490.25,1770.9,429.5,750.9,645.3,86,1034.45,59.6,219.55,14.1
1484.6,1760.6,425.95,749.8,640.1,84.95,1013.7,58.55,215.8,14
1466.1,1766.05,420.25,738.6,633,85.35,984.05,57.8,209.7,13.75
1479.8,1760.45,412.9,736.3,630.4,83.85,995.4,57.6,206.75,13.75
1488.7,1772.05,419.75,739.55,631.25,85.35,1007.55,58.45,212,13.9
1483.8,1757.1,418.65,739.35,630.85,84.6,1000.1,58.1,210.1,13.8
1485.5,1736.7,418.85,732.35,624.7,84.8,999.55,57.75,208.35,13.7
1506.25,1737.9,417.2,739.15,634.05,84.85,1000.65,56.9,207.45,13.6
1515.1,1735,428.8,761.35,649,85.75,1012.9,58.25,212.25,13.65
1508.35,1733.05,426.75,762.4,650.3,87.35,1008.9,56.95,214.7,13.65
1502.05,1705.85,421.5,751.95,640.1,86.5,1018.15,55.85,211.85,13.55
1497.9,1705.85,419.2,748.3,630.9,87.1,1016.35,54.2,210.5,13.55
1486.75,1716.1,420.4,746.45,630.85,86,1007.7,54.2,209.85,13.55
1480.4,1715.15,424.4,750.65,640.25,85.3,1009.65,54,210.9,13.55
1495.45,1731.1,432.65,760.35,647.85,87.25,1020.55,54.45,213.85,13.45
1534.7,1755.35,429.75,758.35,650.3,86.9,1031.05,53.6,213.35,13.35
1539.5,1761.8,432.85,762.9,654,86.3,1044.9,53.95,223.4,13.3
1520.45,1732.3,424.45,754.4,641.9,86.05,1045.45,53.2,215.75,13.35
1502,1720.05,423.75,747.35,638.55,85.6,1039.95,53.75,218.95,13.25
1487,1731.95,427.45,753.6,646.25,89.5,1049.3,54,220,13.1
1501.85,1747.15,429.1,770.75,664.95,89.25,1055.9,54,219.4,13
1499.15,1748.15,431.05,770.05,664.35,89.85,1052.6,53.8,218.75,13.05
1520.7,1750.05,431.7,774.15,667.45,88.4,1055.1,53.4,214.95,13.55
1522.35,1749.5,430,771.15,660.3,87.9,1044.3,54.05,214.85,13.4
1471,1722.8,427.9,755.2,655.9,86,1015.85,52.6,209.3,13.2
1443.15,1702.65,420.9,745.75,641.9,83.75,981.55,51.2,204.15,12.95
1448.7,1707.2,422.05,746.75,655.95,84.25,992.15,52.15,205,13
1442.75,1722.95,428.9,755.4,676.65,85.4,989.3,51.15,204.5,13.05
1434.55,1740.6,423.3,756.3,676.75,87.25,981.3,51.2,198.45,13.3
1439.75,1697.95,429.95,731.7,677.45,86.3,975.8,50.75,196.15,13.05
1417.3,1652.85,425.5,722.9,685.05,85.55,992.75,50.7,192.95,12.95
1418.25,1641.65,441.55,717.25,687.5,85.9,992.05,51.95,191.3,12.85
1426.45,1654.8,431.8,708.9,682.5,87.45,981,52,192.95,12.75
1422.65,1665.1,434.9,721.15,681.4,86.55,988,51.85,194.55,12.75
1434.7,1685.65,446.5,738.6,690.4,89.15,1022.05,51.7,186.75,12.75
1465.3,1749.95,456.95,753.8,714.65,87.75,1020.55,49.75,180.4,12.65
1484.85,1771.75,441.85,749.3,702.45,85.95,997.7,47.8,182,12.4
1492.65,1777.2,435.65,740.85,697.65,87.15,1029.5,49.2,177.55,12.5
1503.9,1780.9,433.4,755.5,702.85,87.75,1042.8,47.4,178.6,12.45
1507.65,1813.25,426.45,761.55,700.9,86.4,1033.6,45.85,172.75,12.3
1494.95,1780.6,428.05,760.8,693.55,85.2,1041.2,46.9,177.7,11.95
1501.4,1787.7,427.15,757.35,701.35,85.6,1035.35,45.9,176.25,11.95
1526.2,1788,431.2,759.9,704.8,85.3,1024.15,45.5,176.15,11.9
1530.6,1782.35,424.85,762,702.65,84.8,1019,44.85,172.85,11.7
1514.65,1788.35,421.5,756.75,701.2,83.25,1000.2,44.15,170,11.25
1513,1749.7,419.7,754.4,688.3,83.25,989.65,44.65,168.85,11.3
1514.75,1703.55,406.7,740.25,680.7,79.9,979.45,41.8,162.75,11.15
1524.6,1716.85,409.5,736.1,682.7,78.25,988.6,40.95,157.6,10.8
1558.85,1704.9,417.6,746.35,694.45,80.1,1005.05,42.9,162.25,11
1557.4,1697.2,416.25,739.05,691.05,80.45,1005.55,42.55,161.55,10.95
1554.8,1697.5,410.75,746.35,698.8,78.2,1001.5,42.2,162.55,10.95
1548.45,1713.55,412.45,752.4,699.75,77.95,990.2,42.5,162.75,11.05
1568.25,1735.85,422.7,784.05,713.65,81.35,1005.1,43.45,169.3,10.9
1581.4,1753.7,426.05,786.5,719.05,81.25,992.4,42.95,165.5,10.8
1579.1,1746.65,429.9,798.9,719.9,82.4,998.75,44.45,170.95,11.1
1589,1776.4,429.75,802.7,725.15,82.8,1010.1,44.9,171.85,11.15
1576.05,1791.85,431.4,798,724.3,82.85,1003.75,45.65,172.2,11.1
1565.7,1774.55,431.05,800.8,721.15,82.4,991.95,45.15,174,11
1569.25,1764.85,429.1,787.85,716.9,81.55,1001.25,46.4,173.9,10.9
1576.4,1815.35,431.35,794.7,720.95,83.1,999.6,46.15,173.8,10.9
1568.6,1817.85,432.3,790.15,720.25,82.4,999.5,46.9,172.15,10.95
1555.55,1840.05,432.85,788.35,707.4,82.1,996.3,46.85,172.25,11.1
1548.55,1867.75,433,794.4,707.45,82.35,1036.6,47.95,175.35,12.45
1546.8,1871.7,443.85,791.4,714.35,83.65,1053.95,48.65,179.4,12.7
1559.95,1906.8,463.7,802.6,727.2,85.9,1130.95,50.95,183.5,14.7
1582.15,2007.95,454.1,807.35,720.15,83.3,1130,49.15,181,13.25
1559.85,2001.45,437.45,795.85,710,79.7,1089.95,47.85,174,12.8
1551.95,2010.95,438.8,795.35,711.85,80.05,1137.55,48.5,175.85,13
1533.7,1985.55,438.85,788.35,703.35,81.1,1141.4,48.5,179.1,13.15
1570,2024,449.8,812.15,717,81.85,1169.15,48.5,186.5,13
1601.55,2028.1,440.75,798.05,722.95,80.85,1163.05,47.1,185.8,12.85
1625.1,2033.35,446.6,796.95,730,81.6,1150.7,46.85,190.4,12.9
1615.05,2068.2,444.9,789.2,717.15,80.9,1134.75,46.25,187.4,12.75
1593.85,2030.45,460,782.15,709.5,81.35,1123.2,48.3,188.15,12.3
1594.95,2005.5,453,766.55,700.85,84.3,1111.9,47.65,190.9,12.55
1582.7,1993.55,451.65,768.15,692.35,83.15,1104.05,47.35,193.5,12.85
1585.75,1990.95,463.15,779,700.2,85.05,1119.8,47.65,193.7,13.1
1595.45,1982.35,464.7,782.6,697.1,85.75,1168.6,47.95,193.25,13.1
1614.9,1955.75,457.2,778.95,689.5,84.4,1131.85,47,184.7,13.05
1610.5,1952.45,457.9,777.1,702.2,85.45,1166.7,47.8,189.4,13.15
1602.65,1936.35,458,781.95,703.4,85.6,1174.4,48,193.6,13.2
1633.8,1975.4,469.25,787.15,713.3,86.25,1173.25,47.8,193.05,13.05
1629.6,1995.1,483,797.15,708.6,88.6,1181.9,49.1,192.25,13.2
1639.4,2009.35,481.7,794.6,709.95,93.6,1184.5,48.9,193.35,13.25
1687.4,2017.8,490.6,802.05,727.3,93.1,1210,49.4,191.65,13.2
1670.3,2011.6,497.95,813.3,745.45,95.3,1219.6,50.95,198.05,13.95
1688.7,2035.35,488.2,801.65,747.45,92.85,1194,48.6,190.2,13.6
1673.85,2015.45,499.9,804.8,745.85,94,1201.7,48.65,188.95,13.5
1676.3,2143.75,502.95,807.8,755.5,96.55,1184.4,49.7,196.95,14.3
1680.75,2171.4,502.95,816.7,759.3,103.9,1196.4,50,200.85,13.75
1657,2154.5,506.5,845.1,841.7,102.5,1177.75,49.35,205.3,13.35
1652.75,2210.95,512.55,841.9,829.4,102,1154.9,52.85,210.85,13.45
1642.8,2188.25,519.15,787.5,835,100.35,1142.55,52.35,208.25,13.05
1593.6,2098.5,501.35,758.35,798.7,97.8,1176,49.55,201.05,12.75
1582.85,2031.15,502.15,742,802.05,97.45,1140.2,49.5,180.55,12.8
1605.3,2076.5,515.7,752.35,803.9,98,1229.1,50.55,185,13.05
1606.75,2076.65,521.7,755.85,800.95,101.95,1212.55,52.2,206.75,13.05
1581.45,2037.55,527.65,750.6,785.95,100.2,1177.95,50.55,203.1,13
1593.95,2057,530.45,752.95,782.1,101.1,1189.1,51.1,203.55,13.15
1600.25,2118.85,523.25,751.05,780.15,101.55,1061.15,51.35,204.15,13.1
1572.25,2097.2,529.15,745.05,786.55,102.05,1068.25,52.25,217.25,13.1
1555.25,2076.05,524.4,749.35,780.9,100.35,1032.2,51.9,216.15,13
1548.3,2054.1,509.6,738.05,771.45,100.2,1033.3,50.9,211.6,13.25
1553,2074.7,511.35,736.05,776.6,100.1,1037.05,51.65,211.2,13.15
1557.25,2097.3,506.55,733.25,773.3,99.55,1041.5,51.2,207.25,13.05
1548,2082.85,495.1,726.15,764.05,97.4,1020.9,50.25,209.85,13.05
1530.8,2053.1,498.15,712.35,761.3,97.1,1034,49.5,207.6,13
1539.4,2024.45,503.8,706.35,762.9,94.7,1008.45,48.6,203.35,12.85
1515.35,1955.45,486.4,686.4,752,91.45,1006.9,47.2,193.35,12.55
1515.55,1982.9,493.05,685.65,751.85,92.75,981.35,48.75,196.35,12.55
1518.05,2011.4,493.15,685.15,760.2,93.05,970.4,48.75,200.05,12.6
1525.95,2035.1,490.55,679.9,751.05,92.9,959.3,48.55,200.5,12.75
1489.9,1964.3,470.5,661.75,722.2,88.7,901.8,46.35,185.85,12.45
1501.25,2019.6,465.1,651.1,718.4,87.05,895.45,45.15,181.7,12.15
1493.55,1961.9,460.55,655.65,714.35,86.8,883,44.6,182.65,12.4
1504.65,1953.35,475.3,679.6,727.7,88.55,933.65,46.3,191.9,12.45
1525.75,1964.25,477,676.1,722.4,88.9,945.55,46.95,192.05,12.6
1513.55,1914.2,473.15,673,716.3,89.2,951.15,47.25,192.75,12.55
1503.8,1885.2,465.3,663.1,709.55,87.75,915.65,46.6,189.9,12.6
1525.7,1937.15,476.7,687,734.65,89.65,926.65,47.8,193.15,13.1
1553.8,1920.45,491.55,697.1,753.4,90.35,945.3,48.6,197.9,13.25
1526.85,1916.35,488.65,693.95,755,90.8,946.4,49.5,199.05,14
1522.55,1896.75,494.7,688.05,758,92.6,944.75,52.1,198.45,14.45
1511.15,1873.1,487.8,704,754,91.95,938.55,51.1,196.45,14
1502.45,1840.4,488.55,710.9,758.65,91,946.05,50.8,193.5,13.95
1500,1867.4,484.8,712.5,752.25,89.3,938.55,50.2,190.35,13.75
1500.1,1860.75,481.15,709.65,741.15,88.6,928.3,49.7,187.2,13.4
1473.05,1793.8,467.8,688.9,728.3,85.2,883,48.05,179.4,13.15
1425.65,1742.5,449.2,674.35,709.95,81.05,846.1,45.6,167.55,12.75
1441.8,1736.55,446,665.85,720.35,80.55,857.2,45.75,169,13
1445.2,1762.4,455.85,669.35,732.8,81.3,871.75,48.05,175.2,13.65
1444.1,1775.6,461.8,678.8,731.3,82.15,871.1,47.7,177.95,13.55
1438.9,1748.4,456.95,667.5,727.1,81,861.15,46.9,172.9,13.25
1450.8,1773.45,458.05,672.15,736,81.25,855.25,46.4,140.95,13.2
1460.8,1774.9,461.2,675.45,735.8,81.9,852.65,47.4,145.7,13.45
1453.85,1764.2,454.4,670.5,735.7,81.95,870,47.4,144.3,13.9
1461.5,1755.25,451.7,668.85,735.7,82.2,885.4,47.5,130.7,13.55
1479.4,1796.1,460.45,678.55,740.15,83,888.15,48.35,127.15,13.7
1519.65,1824.45,470.8,696.35,764.7,87.2,912.3,49.65,132.75,14.05
1528.55,1852.6,483.5,709.15,772.85,88.5,904.4,49.3,130.85,14.5
1564.85,1922.15,492.4,726.9,788.05,90.05,903.95,49.8,132.75,14.5
1539.75,1891.9,491.7,730.3,785.05,90.05,921.7,49.8,136.2,14.25
1550.55,1904.25,491.25,730.6,793.25,91.35,922.25,49.2,135.1,13.95
1559.15,1947.95,503.65,742.8,810.75,95.55,920.85,49.8,141,14
1565.9,1936.8,505.95,743.25,810.65,96.45,917.95,49.3,143,13.9
1556.65,1956.6,510.25,746.85,823.75,98.5,941.55,49.5,149.8,13.75
1528,1926.35,511.35,740.7,824.7,100.6,927.1,49.8,148.45,14
1545.15,1938.2,508.35,721.7,820,99.5,920.05,49.2,156.5,14.05
1521.5,1937.45,514,712.65,819.3,100,920.5,49,155.2,14.1
1529.25,1942.15,506.8,725.2,823.1,98.3,899.65,47.75,149.2,13.8
1518.45,1905.65,515.8,729.6,808.6,98.55,893.25,48.95,150.85,13.8
1509,1892.6,511.4,728.9,810.25,97.85,877.2,47.75,151.45,13.8
1521.6,1893.75,502.7,712.5,804.5,93.9,854.1,46.7,146.75,13.75
1486.65,1830.9,494.15,704.6,798.45,92,851.25,44.55,137.75,13.45
1488.05,1854.65,514.65,752.2,801.65,95.85,884.25,45.2,144,13.6
1474.95,1889.25,528.95,773.85,794.65,100.1,888.1,45.95,153.15,13.55
1463.25,1898.3,523.45,764.7,781.15,100.2,903.55,46.6,147.55,13.35
1485.7,1857.25,538.3,773.05,788.8,100.6,872.1,46.75,148.3,13.3
1497,1882.3,532.3,781.9,810.3,100.25,922.3,47.45,150.35,13.35
1531.2,1942.6,539.8,804.1,813.75,101.4,975.35,49.3,154.7,13.65
1515.35,1909.05,540.1,799.55,808.95,101,958.35,48.4,153.55,13.45
1524,1884.2,530.3,798.55,805.05,98.9,956.05,47.9,149.65,13.7
1468.15,1828.45,533.25,789.6,786.4,99.5,933.05,47.1,146.25,13.95
1461.85,1817.8,531.35,798.55,792.5,99,937.7,46.75,144.65,14.15
1497.6,1835,535.25,803.85,802.8,102.15,967.15,47.1,146.3,14.1
1525.1,1867.2,540.55,809.8,805.5,104.45,972.35,47.25,146.4,13.85
1518.85,1828.25,529.6,803.8,790.8,102.95,982.4,46.45,141.8,13.9
1473.7,1746.85,501.4,773.35,753.7,96.2,941.6,43.8,135.25,13.25
1517.8,1813.1,524.8,796.95,776.05,100.45,969.7,45.4,143.1,13.5
1515.75,1830.05,516.7,797.05,764.05,99.6,968.4,45.35,143.3,13.55
1506.5,1817.3,512.95,782.8,750.35,98.5,955.8,44.7,140.35,13.8
1512.35,1826.55,515.3,787.4,748.9,97.9,955.35,44.4,140.25,13.9
1522.1,1827.1,511.85,788.85,754.45,99.75,952.45,43.9,137.95,13.65
1510.7,1841.75,498.4,779.15,751.3,99.45,939.1,43.3,137.95,13.6
1500.9,1886.1,498.7,777.2,744.6,100.3,950.7,43.3,138.75,13.85
1419.4,1794.85,472.65,730.3,707.4,93.85,875.65,38.9,122.3,12.6
1456.1,1856.7,482.95,758.05,730.05,96.75,927.05,42.05,132.95,13.15
1426.25,1842.75,483.2,742.4,742.7,97,920.7,42.1,133.35,13.25
1374.25,1806,474.25,750.25,714.85,96.05,906.35,41.95,132.85,12.9
1371,1792.25,467.4,737.65,698.3,95.75,912.25,41.6,131.15,12.95
1366.5,1752.15,461.95,715,688.05,93.25,901.9,40.75,126.55,12.8
1324.8,1711.9,440.3,667.55,653.75,87.4,834.4,40.1,121.85,12.65
1327.8,1723.1,440.3,670.4,665,89.65,840.7,40.6,128.45,12.75
1371.15,1739.1,451.7,674.2,667.45,92.45,875.35,42.05,131.6,12.75
1392.7,1754.35,468.7,694.95,676.6,94.7,904.3,42.3,133.3,12.85
1396.8,1763,470.35,690.85,677.9,95.3,901.75,42.4,133.85,12.75
1442.55,1788.75,485.15,710.05,696.15,94.9,907.6,41.9,133.15,12.7
1424,1733.75,485.85,698.15,697.35,93.45,896.65,40.7,129.25,12.7
1448.15,1760.5,492.75,723.85,708,98.35,928.65,42,133.3,12.8
1480.05,1820,501.9,739.25,720.1,98.05,932.45,42.7,136.45,12.95
1486.5,1777.1,490.6,725.9,710.75,97.35,913.4,41.85,133.3,12.95
1494.15,1807.85,493.7,731.4,718.2,98.85,927.7,40.6,134.8,12.8
1479.25,1769.75,490.65,726.75,718.3,98.55,931.35,40.75,134.25,12.85
1442.65,1714.15,487.1,722.25,704.2,98,924.8,40.05,135,12.75
1430.9,1722.25,490.7,721.25,699.25,97.5,926.25,39.8,133.35,12.7
1432.8,1725.2,497.5,736,710.35,98.65,935.15,38.45,130.6,12.55
1451.8,1730,495,737.8,715.3,97.55,929.15,37.9,128.65,12.55
1476.95,1763.1,494.3,750.45,730.9,97.05,926.3,38.85,129.25,12.25
1470.35,1753.85,493.55,761.15,730.3,97.4,935.4,39.7,130.2,12.3
1506,1776.65,508.2,774.55,736.25,101.6,968.6,41.7,137,12.65
1656.8,1836.05,512.4,784.1,746.6,102.5,987.2,43.65,141.9,13.1
1608.25,1802.2,509.4,783.1,741.8,98.25,973.25,43.4,141.45,13
1550.85,1779.4,513.95,773.7,741.6,99.3,968.3,43.45,139.8,14.7
1516.75,1766.45,514.95,792.1,748.55,98.45,972.6,42.45,137.2,15.55
1514.65,1784.5,516.1,794.9,754.3,100.2,985.6,41.9,128.1,15.65
1496.15,1783.45,514.9,786.05,759.6,100.05,980.45,42.4,131.25,15.1
1493.5,1801.85,512.85,798.45,763.85,98.45,985.1,41.6,131.75,14.65
1464.95,1779.6,517.7,793.05,762.25,98.95,983.4,41.35,130.9,14.55
1395.45,1750.4,509.5,798.85,757.8,96.95,977.45,40.8,130.2,14.1
1342.2,1707.5,511.8,797.8,766.3,96.3,963.8,40.05,124.6,13.75
1354.3,1721.3,509.3,794.7,755.55,96.1,972.55,40.1,124.05,13.9
1374.35,1760.85,516.3,801.8,762.35,96.6,989.25,40.85,126.55,14.15
1355.6,1727.75,500.6,780.6,747.65,95.75,959.85,40.05,124.1,13.95
1365.75,1728.85,494.75,780.7,752.2,95.4,946.55,39.3,120.45,13.75
1372.05,1742.7,505.5,775,753.75,97.5,980.45,40.15,124.05,13.75
1372.55,1741.5,497.25,765.9,736.7,97.05,974.5,39.7,121.75,13.55
1371.35,1765.65,507.5,779.8,747.15,97.65,988.35,39.7,120.95,13.65
1384.6,1790.75,496.3,728.6,743.3,96,978.55,39.5,120.2,13.65
1403.7,1774.35,491,727.35,741,94.55,1018.1,38.85,117.25,13.8
1356,1775.6,479.65,707.2,724.25,94.45,978.3,38.4,116.75,13.55
1352.95,1797.6,480,702.35,728.8,94.15,936.8,39.2,118.75,13.5
1317.6,1775.3,483.95,673.4,719.25,91.1,915.4,38.65,114.7,13.2
1319.85,1767.5,475.9,663.7,710.35,93.8,889.7,37.95,112.2,12.95
1341.05,1797.15,475.2,659.75,711.3,92.4,910.75,37.5,113,13
1348.6,1809.95,476.55,672.35,714.2,90.7,923.35,36.75,108.25,12.85
1303.05,1760.9,462.65,649.65,695.8,85.45,869.9,34.8,101.7,12.55
1291.35,1779.55,444.65,635.95,677.35,83.5,872.35,34.55,110.85,12.45
1305.1,1812.85,455,638.95,683,85.3,885.9,35.8,116.55,12.7
1314,1840.3,467.3,654.95,710,86.7,903.85,36.75,120.65,13.3
1313.9,1846.8,458,659.45,707.35,86.1,903.15,36.45,119.6,13.9
1287.05,1783.4,447.5,650.2,690.3,83.45,866.25,35,113.8,13.45
1320.95,1829.15,462.4,673.1,709.55,85.3,896.5,36,117.05,13.95
1304,1854.3,460.9,675.35,711.05,85.1,902.4,35.65,115.45,13.75
1318.95,1882.6,462.05,664.05,708.15,84.55,897.95,35,112.8,13.45
1328.8,1907.55,454.1,665,713.35,83.5,893.35,33.9,107.85,13.05
1366.7,1908.65,468.9,683.25,728.5,85.05,897.6,34.3,111.4,13.25
1392.05,1946.2,468.95,688.3,739.8,86.9,925.4,35.6,112.05,13.4
1401.55,1903.2,474.6,693.65,748.5,90.15,936.2,36.45,114,13.45
1388.95,1846.85,468.1,685.2,752.85,88.85,930.85,36.3,112.3,13.15
1394.85,1865.1,468.3,686.05,752.65,89.3,928.35,36.15,111,13.25
1385.1,1857.65,469.85,691.55,749.75,92,942.95,36.3,109.55,13.35
1380.3,1858.65,464.5,677.3,744.3,90.15,924.3,35.35,106,13.25
1378.45,1869.3,463.7,672.2,746.75,90.8,928.75,35.1,108.8,13.15
1362.6,1858.15,463.4,665.85,735.25,91.15,923.7,34.7,110.3,13.05
1367.4,1845.5,471.3,658.6,729.5,91.1,913.7,34.6,111.3,13.2
1377.7,1865.2,466.95,661.3,732.75,91.35,920.3,34.35,113.9,13.2
1351.1,1791.8,461.85,660.7,720,91.7,913.2,34.05,113.6,12.95
1326.6,1737.35,445.85,648.95,688,88.7,865.45,32.9,87.85,12.8
1312,1739.7,448.1,650.75,685.5,89.9,844.2,32.95,87.45,12.7
1307.45,1736.65,451.35,650.5,687.25,89.15,843.3,32.7,88.75,12.75
1281.3,1675.8,441.6,634.9,678.5,86.9,809.6,31.65,81.9,12.5
1289.75,1673.6,441,635.2,686.85,87.3,806.9,31.65,81.4,12.45
1322.15,1679.2,434.7,628.3,685.95,84.8,784.05,29.85,77.2,12.35
1336.55,1681.5,450.75,636.5,696.1,87.8,798.85,30.4,83.25,12.6
1330.25,1669.7,447.65,626.8,686.6,86.8,777.65,29.15,85.55,12.45
1335.15,1684.1,451.4,629.35,699.15,86.95,784.95,29.75,87.15,12.45
1353.8,1698.4,454.25,634,713.45,89.35,806.5,31,87.7,12.75
1356.25,1691.55,461.2,637.1,717.35,91.05,823.5,32.1,91.25,12.85
1345.9,1668.8,464.25,642.35,710.3,91.8,816.6,32,88.95,12.85
1343.95,1642.45,459.1,625.55,702.75,91.6,808.8,31.65,84.3,12.7
1348,1661.1,465.9,636.8,707.2,90.2,794.35,31.45,83.45,12.65
1353.75,1667.75,466.85,643.95,703.9,93.65,807.2,32.25,86.2,12.65
1355.65,1670.9,473.45,654.35,720.1,95.2,832,34.05,87.55,12.65
1352.6,1663.05,472.15,648.5,719.45,94.55,824.05,33.45,81.5,12.65
1371.25,1704.5,479.95,657.95,725.95,95.55,836.55,34.05,83.4,12.65
1395.8,1738.5,486.75,658.15,742,97,861,34.3,85.5,12.85
1397.1,1744.75,488.55,669.15,755.7,97.5,848.6,33.75,83.7,12.8
1406.15,1741.25,488.2,679.85,769.5,99.7,858.35,34.35,86.85,13.15
1391.8,1718.95,484.95,676.2,759.9,98.45,847.05,34,84.15,13.35
1357.85,1742.05,486.5,679.9,753.2,98,819.05,33.9,84.2,13.25
1351.05,1770.05,479.35,668.25,752.4,97.2,820.9,33.8,82.2,13.3
1362.05,1787.7,479.1,662.2,751.2,98.75,815.05,33.35,81.9,13.3
1347.55,1845.65,490.3,684.5,772,103,851.05,34.8,85.9,13.35
1348.05,1834.95,497.95,700.6,780.65,107.05,868.1,35.25,91.4,13.5
1365.05,1827.75,508.6,705.7,783.1,105.15,879.3,34.9,91.45,13.6
1360.75,1800.55,512.05,715.55,786,107.2,948.1,35.75,94.95,14.3
1392.5,1827.1,513.7,730.75,800.05,107.2,942.45,35.75,92.2,14.7
1396.6,1795.55,517.8,727.35,800.9,107.35,962.05,35.95,94.7,14.25
1393.75,1761.6,514.2,706.45,796.3,105.7,961.6,35.65,92.15,13.7
1404.4,1754.1,528.2,718.95,800.5,107.45,979.8,35.75,91.65,14.7
1416.85,1828.5,532.45,725.9,814.6,107.3,1017.7,36.6,92.25,14.55
1434.2,1810.35,528.35,724.75,818.6,106.65,1043.5,37.55,92.25,14.95
1446.15,1855.75,533.75,730.8,823.4,106.9,1040.15,41.95,96.15,15.25
1430.25,1884.6,542.1,730.45,817.75,110.85,1067.25,43.4,98.85,17.15
1433.6,1851.1,540.85,730.5,824.8,109,1058.3,43.15,96.45,16.45
1431.9,1835.55,533.25,721.6,820.25,107.95,1050.2,43.05,96.2,16.65
1427.05,1833.9,531.05,728.5,838.2,108.95,1036.3,43.4,96.4,16.65
1462.05,1844.5,520.4,745.55,836.95,109.55,1050.2,44.65,98.25,16
1466.3,1828.35,514.7,739,848.75,109.75,1063.1,44.8,96.95,15.4
1485.7,1853.5,524.75,758.85,859.7,111.15,1079.2,45.25,97.65,15.4
1485.15,1841.2,530.7,760.55,874.4,110.8,1080.45,45.1,98.1,15.3
1502.15,1846.35,525.95,764.65,879.25,110.35,1084.45,45.1,97.9,15.9
1509.9,1839.7,528.15,772.1,883.25,109.8,1088.6,46,100.9,16.55
1511.7,1904.5,532.35,765.05,885.1,111,1105.1,45.5,103.1,16.65
1493.05,1877,520.35,757.5,870.4,107.55,1063.3,44.65,99.95,16.55
1470.35,1832.05,511.3,741.85,852.25,106.65,1057.2,43.65,98.25,16.35
1465.8,1855.75,521.9,747.05,863.9,109.85,1071.05,46.05,104.1,16.3
1472.85,1867.6,519.3,750.15,873.3,114,1101.9,48.6,121.75,16.6
1464.85,1868.75,520.4,743.35,872.35,113.9,1089.95,48.95,128,16.5
1465.1,1902.05,523.8,744.9,870.85,113.9,1069.75,48.45,124.45,16.45
1439.4,1850,514.85,728.7,855.85,113.1,1059.2,48.65,122.65,16.2
1486.1,1915.45,531.25,751.5,887.3,117,1107.45,49.15,122.3,16.45
1472.15,1902.85,533.3,744.15,874.35,118.75,1111.4,49.15,122.15,16.35
1485.5,1918.85,536.7,750.2,872.4,119.55,1100.75,48.55,121.9,16.2
1495.05,1937.9,538.9,756.1,882.45,123.55,1108,50.8,124.05,16.65
1489.35,1915.7,537.8,750,883.65,121.2,1108.8,49.9,122.65,16.75
1482.3,1908.25,532.85,755.4,876.2,118.75,1089.95,50.15,122.95,17.3
1497.6,1930.05,544.65,779.75,898.8,118.05,1108.3,51.1,124.5,17.75
1498.6,1926.35,553.35,784.85,901.25,119.55,1137.15,50.45,128.6,17.5
1493.55,1924,554.9,801,907.2,119.8,1136.85,50.9,127.95,17.55
1513.1,1923.4,558,805.55,910,119.15,1163.8,50.25,128.95,17.45
1528.65,1954.7,571.75,803.05,918.1,120.75,1215.75,50.9,133.25,17.25
1520.7,1934.15,572.15,790,917.6,122.05,1195.85,52.75,130.65,17.15
1492.75,1930.3,561.8,789.3,909.1,121.55,1227.35,50.95,124.35,16.75
1502.6,1929.5,572.25,798.1,899.2,122.6,1225.75,51.1,124.5,16.35
1520.7,1939.75,574.05,812.75,916.75,123.3,1264.1,51.3,127.65,16.4
1518.35,1918.5,569.7,806.55,915.25,122.75,1224.25,50.75,127.35,16.9
1486,1892.75,567.3,789.2,903.4,122.9,1216.55,50.65,127.6,16.75
1446.15,1862.7,550.6,768.6,882.25,116.75,1183.35,48.7,123,16.2
1426.65,1829,543.3,742.6,861.05,111,1149.6,47.25,112.55,15.5
1413.85,1799.3,536.5,737.5,852.55,114.4,1165.1,47.45,112.3,15.75
1389.55,1792.6,524.85,716.45,849.5,111.85,1140.9,46.7,111.45,15.45
1382.35,1765.3,521.75,719,843.9,113,1142.25,47.75,109.85,15.5
1421.35,1819.2,530.6,733.2,862,118.75,1185.2,49.85,113.75,15.65
1413.2,1783.9,519.75,722.75,848.35,116.3,1156.25,49.35,111.05,15.4
1453,1822.25,532.7,742.8,867.65,120.85,1219.25,53.2,117.75,16.2
1437,1818.9,537.3,755.1,885.45,120.85,1200.9,54.3,121.15,16.5
1430.8,1825.4,530.2,755.7,882.55,122.85,1213.4,53,122.6,16.55
1415,1808.25,530.75,776.85,881.75,121.35,1210.3,53.75,120.65,16.45
1400.65,1787.9,527.4,785.55,870.6,122.4,1164.6,53.1,120.1,16.15
1409.8,1810.2,533.8,808.7,868.35,125.6,1189.05,55.1,123.75,16
1393.6,1801.5,521.45,802,853.6,124.9,1184.25,54.45,122.9,15.8
1439,1834,527.2,800.5,870.25,130.35,1181.6,54.3,124.1,15.8
1446.55,1858.15,543.65,814.15,885.2,131.5,1199.65,55.75,127.05,15.75
1443.85,1859.7,562.45,816.35,896.9,132.3,1223.25,56.4,129.35,15.85
1458.65,1869.35,553.4,829.85,892.1,131.3,1218.4,57.1,128.75,15.9
1448.8,1863.55,555.4,825.85,888.65,130.3,1159.95,56.8,128.8,15.95
1438.6,1902.65,560.85,900.4,907.15,132.6,1142.25,57.3,133.25,16.05
1461.05,1895.8,570.5,909.45,926.3,134.75,1145.85,58.4,127.3,15.75
1450.9,1846.6,578.55,902.85,925.05,134.2,1137.45,56.5,123.8,15.6
1454.4,1865,579.65,915.15,924.4,134.6,1142.5,56.8,136.35,15.75
1458.7,1884.25,570.75,903.05,907.85,131.15,1147,55.8,137.5,15.65
1496.7,1901.95,573.8,906,908.7,131.5,1142.65,56.1,135.15,15.55
1513.25,1909.2,576.9,871.75,908.6,131.9,1151.15,55.7,134.9,15.5
1514.2,1909.95,573.85,863.55,904.7,133.2,1138.2,55.35,133.8,15.5
1507.55,1900.15,584.9,864.05,908.65,137.25,1148,57.2,134.9,16.1
1497.15,1899.95,593.95,868.1,905.3,136.35,1152.7,57.15,134.8,16.45
1508.8,1882.6,614.15,872.95,917.5,137,1144.15,57.3,136.25,16.55
1508.35,1893.4,615.55,873.7,910.5,138.1,1149,57.4,139.25,16.55
1524.75,1912.15,605.75,843.7,910.7,138,1127.35,57.6,138,16.5
1611.15,1899.1,601.3,850.7,906.55,135.05,1140,57.55,142.55,16.85
1615.05,1922.8,592.55,851,894.95,136.05,1152.95,57.45,144.7,17.1
1619,1912.4,600.85,858.65,911.7,136.1,1152.85,57.15,145.15,17.05
1632.9,1965.9,599.75,855.4,913.6,133.15,1144.1,57.1,142.8,17.05
1618.15,1950.55,599.05,858.2,919.8,134.95,1146.5,56.3,145.2,16.95
1613.9,1959.55,602.7,859.2,920.35,132.7,1128.65,55.85,144.05,16.85
1597.35,1944.1,598.1,870.05,921.4,132.4,1139,56.35,142.8,16.65
1595,1939.75,599.1,870.05,923.7,131.45,1169.4,56.8,141.75,17.05
1599.15,1953.35,607.65,874.7,927.45,134.35,1174.35,57,140.95,16.85
1625.15,1944.85,609.35,878.55,938.85,133.35,1175.55,56.8,141.95,16.95
1617.65,1928.4,607.4,887.75,930.3,132.55,1187.1,58.05,150.05,16.95
1600.25,1928.15,608.6,891.7,937.4,133.8,1197.85,58.8,150.5,17.15
1597.85,1925.55,608.55,892.55,946.75,132.45,1180.6,58,152.85,17.05
1608.45,1947.05,602.45,901.25,952.9,131.45,1167.8,58.6,153.4,17.15
1619.5,1934.3,608.1,903.85,940.2,132.7,1173.9,58.75,153.3,17.05
1607.1,1930.8,607.55,905.15,930.6,133.25,1178.7,59,152.5,17.4
1612.95,1938.45,617.3,899.2,933.6,137.3,1195.5,60.4,154.85,17.45
1611.15,1935.25,608.95,904.65,922.65,134.8,1184.1,60.35,153.65,17.5
1610.45,1911.45,607.05,914.65,922.15,132.1,1164.65,59.3,153.4,17.45
1619.5,1897,611.65,939.35,931.9,135.75,1190.85,59.7,153,17.75
1631.05,1888.05,616.5,933.7,929.9,133.85,1202.5,58.6,151.75,19.7
1643.75,1865.75,613.05,938.65,930.3,134,1206.75,59.1,155.05,21.1
